finding_id,project_id,root_cause_key,verdict,evidence_refs,assumptions,review_basis,reviewer,reviewed_at,review_status
family:d3714de354dda09ec3d3d422,apache/druid,resource:b701547c28810080bc6ef9d9,static_unknown,family:d3714de354dda09ec3d3d422;finding:b48e6bf179ea40461e925c2c;certificate:23403b10657c83c91726b318;growth:400dd91cdbcd8e3301beebd2;entry:4fd567a7c4941bbc644447c8,A1_REACHABILITY_UNKNOWN;A2_REACHABILITY_UNKNOWN;FLOW_GROWTH_NOT_VERIFIED;GROWTH_COVERAGE_INCOMPLETE;LIFECYCLE_PREMISE_UNRESOLVED;VERDICT_ASSERTION_1_LIFECYCLE_COVERAGE_INCOMPLETE;VERDICT_ASSERTION_2_LIFECYCLE_COVERAGE_INCOMPLETE;VERDICT_CANDIDATE_RELEVANT_GAP;VERDICT_FLOW_NOT_PROVEN;VERDICT_GROWTH_NOT_VERIFIED;VERDICT_REACHABILITY_NOT_PROVEN;VERDICT_UNRESOLVED_EVIDENCE,static_unknown_not_formal_positive,,,unresolved
family:0a35788edb950d273feac098,apache/hertzbeat,resource:0122c6b8928e9d173ac3751d,static_unknown,family:0a35788edb950d273feac098;finding:b4b0380128a7c34db1b38baa;certificate:2cf89e438d969b5109e66829;growth:6367b475b4884ef986160536;entry:2588afdad6a1d20e85c292d5,A1_REACHABILITY_UNKNOWN;A2_REACHABILITY_UNKNOWN;BOUND_COVERAGE_UNKNOWN;GUARD_COVERAGE_UNKNOWN;RELEASE_COVERAGE_UNKNOWN;VERDICT_ASSERTION_1_LIFECYCLE_COVERAGE_INCOMPLETE;VERDICT_ASSERTION_2_LIFECYCLE_COVERAGE_INCOMPLETE;VERDICT_REACHABILITY_NOT_PROVEN;VERDICT_UNRESOLVED_EVIDENCE,static_unknown_not_formal_positive,,,unresolved
family:23c9e05d63e9e8b2a59920ec,apache/hertzbeat,resource:2c0b37385c4b3c617f49a13f,static_unknown,family:23c9e05d63e9e8b2a59920ec;finding:5f204b398c0fa01f540fdbeb;certificate:df624ad5470bf4d0e3d9290c;growth:462fc140890bfb3be3f66f61;entry:a96da74b685f525285a8282e,A1_REACHABILITY_UNKNOWN;A2_REACHABILITY_UNKNOWN;FLOW_GROWTH_NOT_VERIFIED;GROWTH_COVERAGE_INCOMPLETE;LIFECYCLE_PREMISE_UNRESOLVED;VERDICT_ASSERTION_1_LIFECYCLE_COVERAGE_INCOMPLETE;VERDICT_ASSERTION_2_LIFECYCLE_COVERAGE_INCOMPLETE;VERDICT_CANDIDATE_RELEVANT_GAP;VERDICT_FLOW_NOT_PROVEN;VERDICT_GROWTH_NOT_VERIFIED;VERDICT_REACHABILITY_NOT_PROVEN;VERDICT_UNRESOLVED_EVIDENCE,static_unknown_not_formal_positive,,,unresolved
family:26bac4271db2afa3d91d9426,apache/hertzbeat,resource:2802e70bfdcff73dbf9fc701,static_unknown,family:26bac4271db2afa3d91d9426;finding:c542f0f30ac824cbffc1869d;certificate:e764091e8b500d0d400db9e4;growth:f83a497a28d4d5cdba221094;entry:816d3b20f57a497d77a30e44,A1_REACHABILITY_UNKNOWN;A2_REACHABILITY_UNKNOWN;FLOW_GROWTH_NOT_VERIFIED;GROWTH_COVERAGE_INCOMPLETE;LIFECYCLE_PREMISE_UNRESOLVED;VERDICT_ASSERTION_1_LIFECYCLE_COVERAGE_INCOMPLETE;VERDICT_ASSERTION_2_LIFECYCLE_COVERAGE_INCOMPLETE;VERDICT_CANDIDATE_RELEVANT_GAP;VERDICT_FLOW_NOT_PROVEN;VERDICT_GROWTH_NOT_VERIFIED;VERDICT_REACHABILITY_NOT_PROVEN;VERDICT_UNRESOLVED_EVIDENCE,static_unknown_not_formal_positive,,,unresolved
family:4a6df27345ac0bf7aece08a2,apache/hertzbeat,resource:d196c143f31c0c4e863aff41,static_unknown,family:4a6df27345ac0bf7aece08a2;finding:6b8b466d06b95443d4f11a05;certificate:803d29b9e52da49228bafa93;growth:bc1195cdda27642f12de53a1;entry:2ccefd0d4833366bbeaba443,A1_REACHABILITY_UNKNOWN;A2_REACHABILITY_UNKNOWN;BOUND_COVERAGE_UNKNOWN;GUARD_COVERAGE_UNKNOWN;RELEASE_COVERAGE_UNKNOWN;VERDICT_ASSERTION_1_LIFECYCLE_COVERAGE_INCOMPLETE;VERDICT_ASSERTION_2_LIFECYCLE_COVERAGE_INCOMPLETE;VERDICT_REACHABILITY_NOT_PROVEN;VERDICT_UNRESOLVED_EVIDENCE,static_unknown_not_formal_positive,,,unresolved
family:520c5ded83bb9bd7aa572261,apache/hertzbeat,resource:d595375349a1a7791eb3cbca,static_unknown,family:520c5ded83bb9bd7aa572261;finding:763073780ea843f588d05472;certificate:50cefece1eb96aad6f7ff436;growth:434ebf4b4b85247d4ccb554b;entry:816d3b20f57a497d77a30e44,A1_REACHABILITY_UNKNOWN;A2_REACHABILITY_UNKNOWN;FLOW_GROWTH_NOT_VERIFIED;GROWTH_COVERAGE_INCOMPLETE;LIFECYCLE_PREMISE_UNRESOLVED;VERDICT_ASSERTION_1_LIFECYCLE_COVERAGE_INCOMPLETE;VERDICT_ASSERTION_2_LIFECYCLE_COVERAGE_INCOMPLETE;VERDICT_CANDIDATE_RELEVANT_GAP;VERDICT_FLOW_NOT_PROVEN;VERDICT_GROWTH_NOT_VERIFIED;VERDICT_REACHABILITY_NOT_PROVEN;VERDICT_UNRESOLVED_EVIDENCE,static_unknown_not_formal_positive,,,unresolved
family:532582d32cb87a7f73be1d10,apache/hertzbeat,resource:ffa7b7e464336eedae5495e8,static_unknown,family:532582d32cb87a7f73be1d10;finding:81cb15b5046a74643548ddb4;certificate:6fb91eae2162d4fd358641fc;growth:805bffdfc3eca37b02f9df55;entry:4a9e34ac69326f4b260d443e,A1_REACHABILITY_UNKNOWN;A2_REACHABILITY_UNKNOWN;BOUND_COVERAGE_UNKNOWN;GUARD_COVERAGE_UNKNOWN;RELEASE_COVERAGE_UNKNOWN;VERDICT_ASSERTION_1_LIFECYCLE_COVERAGE_INCOMPLETE;VERDICT_ASSERTION_2_LIFECYCLE_COVERAGE_INCOMPLETE;VERDICT_REACHABILITY_NOT_PROVEN;VERDICT_UNRESOLVED_EVIDENCE,static_unknown_not_formal_positive,,,unresolved
family:737049b72f24496eaa2761f4,apache/hertzbeat,resource:9b81ac40c6a5e77a39432a08,static_unknown,family:737049b72f24496eaa2761f4;finding:0cb3798b11539d5d076c0787;certificate:6d8e1c680178c81285ad875a;growth:070b5cf41c3f37b68e0790d1;entry:816d3b20f57a497d77a30e44,A1_REACHABILITY_UNKNOWN;A2_REACHABILITY_UNKNOWN;FLOW_GROWTH_NOT_VERIFIED;GROWTH_COVERAGE_INCOMPLETE;LIFECYCLE_PREMISE_UNRESOLVED;VERDICT_ASSERTION_1_LIFECYCLE_COVERAGE_INCOMPLETE;VERDICT_ASSERTION_2_LIFECYCLE_COVERAGE_INCOMPLETE;VERDICT_CANDIDATE_RELEVANT_GAP;VERDICT_FLOW_NOT_PROVEN;VERDICT_GROWTH_NOT_VERIFIED;VERDICT_REACHABILITY_NOT_PROVEN;VERDICT_UNRESOLVED_EVIDENCE,static_unknown_not_formal_positive,,,unresolved
family:77685dd5709aa6ba4e29a83c,apache/hertzbeat,resource:cbd7053e9bee066a2de7b2da,static_unknown,family:77685dd5709aa6ba4e29a83c;finding:ed6d1baf23825621f7bea449;certificate:5ac78ec3c9fcbfe2d0d4d219;growth:b68386f50aab71ee34551ed3;entry:2499485ae69776d871c9c6ca,A1_REACHABILITY_UNKNOWN;A2_REACHABILITY_UNKNOWN;BOUND_COVERAGE_UNKNOWN;GUARD_COVERAGE_UNKNOWN;RELEASE_COVERAGE_UNKNOWN;VERDICT_ASSERTION_1_LIFECYCLE_COVERAGE_INCOMPLETE;VERDICT_ASSERTION_2_LIFECYCLE_COVERAGE_INCOMPLETE;VERDICT_REACHABILITY_NOT_PROVEN;VERDICT_UNRESOLVED_EVIDENCE,static_unknown_not_formal_positive,,,unresolved
family:ce0df5ccffffccbb7d90118f,apache/hertzbeat,resource:fbb49258d9eb910cfa196a48,static_unknown,family:ce0df5ccffffccbb7d90118f;finding:be03572fc9676dd8b8454e2e;certificate:3f47e600eb339727c9d3f0f9;growth:8fee717c3a431af40f235e56;entry:1fc778016a392f9fe47f63e9,A1_REACHABILITY_UNKNOWN;A2_REACHABILITY_UNKNOWN;BOUND_COVERAGE_UNKNOWN;GUARD_COVERAGE_UNKNOWN;RELEASE_COVERAGE_UNKNOWN;VERDICT_ASSERTION_1_LIFECYCLE_COVERAGE_INCOMPLETE;VERDICT_ASSERTION_2_LIFECYCLE_COVERAGE_INCOMPLETE;VERDICT_REACHABILITY_NOT_PROVEN;VERDICT_UNRESOLVED_EVIDENCE,static_unknown_not_formal_positive,,,unresolved
family:f91d100ddc08cc3f19ab62a6,apache/hertzbeat,resource:8f4e5d9afdd7900e37e38c39,static_unknown,family:f91d100ddc08cc3f19ab62a6;finding:a63118d5af3de00368bc2f4a;certificate:125a90334ffa4183d98d2e58;growth:bd41ef206c5a763658424e2e;entry:816d3b20f57a497d77a30e44,A1_REACHABILITY_UNKNOWN;A2_REACHABILITY_UNKNOWN;FLOW_GROWTH_NOT_VERIFIED;GROWTH_COVERAGE_INCOMPLETE;LIFECYCLE_PREMISE_UNRESOLVED;VERDICT_ASSERTION_1_LIFECYCLE_COVERAGE_INCOMPLETE;VERDICT_ASSERTION_2_LIFECYCLE_COVERAGE_INCOMPLETE;VERDICT_CANDIDATE_RELEVANT_GAP;VERDICT_FLOW_NOT_PROVEN;VERDICT_GROWTH_NOT_VERIFIED;VERDICT_REACHABILITY_NOT_PROVEN;VERDICT_UNRESOLVED_EVIDENCE,static_unknown_not_formal_positive,,,unresolved
family:fdd752c619f2c16172fd47d8,apache/hertzbeat,resource:8e943cfe519eecc1dc701506,static_unknown,family:fdd752c619f2c16172fd47d8;finding:02d00534254c1b27e6280566;certificate:1bf5dcf68fcfa9c732b6b6ff;growth:b2f9b75df49a93706a184e57;entry:906f86a9ee6985726709687a,A1_REACHABILITY_UNKNOWN;A2_REACHABILITY_UNKNOWN;BOUND_COVERAGE_UNKNOWN;GUARD_COVERAGE_UNKNOWN;RELEASE_COVERAGE_UNKNOWN;VERDICT_ASSERTION_1_LIFECYCLE_COVERAGE_INCOMPLETE;VERDICT_ASSERTION_2_LIFECYCLE_COVERAGE_INCOMPLETE;VERDICT_REACHABILITY_NOT_PROVEN;VERDICT_UNRESOLVED_EVIDENCE,static_unknown_not_formal_positive,,,unresolved
family:9a58807e98775706894c8f00,apache/solr,resource:e8434b05066dbb221d1e129f,static_unknown,family:9a58807e98775706894c8f00;finding:e8b44b1428052baabcda3361;certificate:937d18c62f0807efb3cfa14b;growth:beea21e6879908511290244e;entry:89b3948046c3361a535c0877,A1_REACHABILITY_UNKNOWN;A2_REACHABILITY_UNKNOWN;FLOW_GROWTH_NOT_VERIFIED;GROWTH_COVERAGE_INCOMPLETE;LIFECYCLE_PREMISE_UNRESOLVED;VERDICT_ASSERTION_1_LIFECYCLE_COVERAGE_INCOMPLETE;VERDICT_ASSERTION_2_LIFECYCLE_COVERAGE_INCOMPLETE;VERDICT_CANDIDATE_RELEVANT_GAP;VERDICT_FLOW_NOT_PROVEN;VERDICT_GROWTH_NOT_VERIFIED;VERDICT_REACHABILITY_NOT_PROVEN;VERDICT_UNRESOLVED_EVIDENCE,static_unknown_not_formal_positive,,,unresolved
family:fbfc6450c3a8e1b9c5a49d89,apache/solr,resource:bb247f4dd4bf98fb0f96cdc6,static_unknown,family:fbfc6450c3a8e1b9c5a49d89;finding:e41b4e3c2ce590ebd8cd26fe;certificate:20af695db1a40415b7893899;growth:6328d12be87438281ac4b403;entry:89b3948046c3361a535c0877,A1_REACHABILITY_UNKNOWN;A2_REACHABILITY_UNKNOWN;FLOW_GROWTH_NOT_VERIFIED;GROWTH_COVERAGE_INCOMPLETE;LIFECYCLE_PREMISE_UNRESOLVED;VERDICT_ASSERTION_1_LIFECYCLE_COVERAGE_INCOMPLETE;VERDICT_ASSERTION_2_LIFECYCLE_COVERAGE_INCOMPLETE;VERDICT_CANDIDATE_RELEVANT_GAP;VERDICT_FLOW_NOT_PROVEN;VERDICT_GROWTH_NOT_VERIFIED;VERDICT_REACHABILITY_NOT_PROVEN;VERDICT_UNRESOLVED_EVIDENCE,static_unknown_not_formal_positive,,,unresolved
family:44efcbdba84d7048e6e033e3,dependencytrack/dependency-track,resource:c40349234b7c45b981be9c25,static_unknown,family:44efcbdba84d7048e6e033e3;finding:8a51dfcc5ee45db1bb84df58;certificate:045590d0e676f3a1656065e7;growth:8d6cc3af24f037b9c83dbeaf;entry:5aaf66e51fdf8b265bd2ce9a,A1_REACHABILITY_UNKNOWN;A2_REACHABILITY_UNKNOWN;FLOW_GROWTH_NOT_VERIFIED;GROWTH_COVERAGE_INCOMPLETE;LIFECYCLE_PREMISE_UNRESOLVED;VERDICT_ASSERTION_1_LIFECYCLE_COVERAGE_INCOMPLETE;VERDICT_ASSERTION_2_LIFECYCLE_COVERAGE_INCOMPLETE;VERDICT_CANDIDATE_RELEVANT_GAP;VERDICT_FLOW_NOT_PROVEN;VERDICT_GROWTH_NOT_VERIFIED;VERDICT_REACHABILITY_NOT_PROVEN;VERDICT_UNRESOLVED_EVIDENCE,static_unknown_not_formal_positive,,,unresolved
family:48c4ac867b7178af54f68205,dependencytrack/dependency-track,resource:c40349234b7c45b981be9c25,static_unknown,family:48c4ac867b7178af54f68205;finding:48045c80a6f57b6be75c69f7;certificate:a3d701f724cdfd0b1336fcbc;growth:bee3e7cc079dd2a381fe25ca;entry:05ff48c44e76657070243842,A1_REACHABILITY_UNKNOWN;A2_REACHABILITY_UNKNOWN;FLOW_GROWTH_NOT_VERIFIED;GROWTH_COVERAGE_INCOMPLETE;LIFECYCLE_PREMISE_UNRESOLVED;VERDICT_ASSERTION_1_LIFECYCLE_COVERAGE_INCOMPLETE;VERDICT_ASSERTION_2_LIFECYCLE_COVERAGE_INCOMPLETE;VERDICT_CANDIDATE_RELEVANT_GAP;VERDICT_FLOW_NOT_PROVEN;VERDICT_GROWTH_NOT_VERIFIED;VERDICT_REACHABILITY_NOT_PROVEN;VERDICT_UNRESOLVED_EVIDENCE,static_unknown_not_formal_positive,,,unresolved
family:641caee5ccd3b63bf14d8ae4,dependencytrack/dependency-track,resource:cbe842c17655ade54c06d4c9,static_unknown,family:641caee5ccd3b63bf14d8ae4;finding:2ca42a8cb69fbc96bb7eefff;certificate:0fed0318c964aa02d87d3565;growth:ac0796189bfb9861cf815725;entry:f2aa856f473edc3b308a11fb,A1_REACHABILITY_UNKNOWN;A2_REACHABILITY_UNKNOWN;FLOW_GROWTH_NOT_VERIFIED;GROWTH_COVERAGE_INCOMPLETE;LIFECYCLE_PREMISE_UNRESOLVED;VERDICT_ASSERTION_1_LIFECYCLE_COVERAGE_INCOMPLETE;VERDICT_ASSERTION_2_LIFECYCLE_COVERAGE_INCOMPLETE;VERDICT_CANDIDATE_RELEVANT_GAP;VERDICT_FLOW_NOT_PROVEN;VERDICT_GROWTH_NOT_VERIFIED;VERDICT_REACHABILITY_NOT_PROVEN;VERDICT_UNRESOLVED_EVIDENCE,static_unknown_not_formal_positive,,,unresolved
family:904156a37d7eb7a3787c0c04,dependencytrack/dependency-track,resource:80f5a90b6dd08078c2141c04,static_unknown,family:904156a37d7eb7a3787c0c04;finding:1c3269e61cc9ea5c750b3113;certificate:692a002a19728ba3cd9f6278;growth:16e2a8791a8978d612395150;entry:52630494b38ad77aedbb105f,A1_REACHABILITY_UNKNOWN;A2_REACHABILITY_UNKNOWN;FLOW_GROWTH_NOT_VERIFIED;GROWTH_COVERAGE_INCOMPLETE;LIFECYCLE_PREMISE_UNRESOLVED;VERDICT_ASSERTION_1_LIFECYCLE_COVERAGE_INCOMPLETE;VERDICT_ASSERTION_2_LIFECYCLE_COVERAGE_INCOMPLETE;VERDICT_CANDIDATE_RELEVANT_GAP;VERDICT_FLOW_NOT_PROVEN;VERDICT_GROWTH_NOT_VERIFIED;VERDICT_REACHABILITY_NOT_PROVEN;VERDICT_UNRESOLVED_EVIDENCE,static_unknown_not_formal_positive,,,unresolved
family:a4daac16eea0e64c41e0d002,dependencytrack/dependency-track,resource:9d0485faba8550f33d2902e1,static_unknown,family:a4daac16eea0e64c41e0d002;finding:cfffb7c34b4e39fb5c0b3762;certificate:79d9ce317f716ef3e4f74bde;growth:32d99547bdfcd38195300a4b;entry:3c840e7a9e45614b8b485aed,A1_REACHABILITY_UNKNOWN;A2_REACHABILITY_UNKNOWN;FLOW_GROWTH_NOT_VERIFIED;GROWTH_COVERAGE_INCOMPLETE;LIFECYCLE_PREMISE_UNRESOLVED;VERDICT_ASSERTION_1_LIFECYCLE_COVERAGE_INCOMPLETE;VERDICT_ASSERTION_2_LIFECYCLE_COVERAGE_INCOMPLETE;VERDICT_CANDIDATE_RELEVANT_GAP;VERDICT_FLOW_NOT_PROVEN;VERDICT_GROWTH_NOT_VERIFIED;VERDICT_REACHABILITY_NOT_PROVEN;VERDICT_UNRESOLVED_EVIDENCE,static_unknown_not_formal_positive,,,unresolved
family:ac02ba4a27e45ec91a0d7f73,dependencytrack/dependency-track,resource:61f67bacd6d7d5fe396dc6c5,static_unknown,family:ac02ba4a27e45ec91a0d7f73;finding:dc0caf9e803cee9c90a1e205;certificate:9584340fe0e6e988ee0a7058;growth:3b6db262197a4ba1156c26fd;entry:aa43e6c7ee535fdd3a58f2fd,A1_REACHABILITY_UNKNOWN;A2_REACHABILITY_UNKNOWN;FLOW_GROWTH_NOT_VERIFIED;GROWTH_COVERAGE_INCOMPLETE;LIFECYCLE_PREMISE_UNRESOLVED;VERDICT_ASSERTION_1_LIFECYCLE_COVERAGE_INCOMPLETE;VERDICT_ASSERTION_2_LIFECYCLE_COVERAGE_INCOMPLETE;VERDICT_CANDIDATE_RELEVANT_GAP;VERDICT_FLOW_NOT_PROVEN;VERDICT_GROWTH_NOT_VERIFIED;VERDICT_REACHABILITY_NOT_PROVEN;VERDICT_UNRESOLVED_EVIDENCE,static_unknown_not_formal_positive,,,unresolved
family:28a3a5a7e017bd96488755ec,dromara/datacompare,resource:56f3e956b06e30ae22f38482,static_unknown,family:28a3a5a7e017bd96488755ec;finding:27cfc9c1bf128bbfe5bd0f78;certificate:3dd62de116d4b7eb8f75bc40;growth:cf000433b172e06a4b56303f;entry:0828541f4d4d07f24a8d7554,A1_REACHABILITY_UNKNOWN;A2_REACHABILITY_UNKNOWN;BOUND_COVERAGE_UNKNOWN;GUARD_ABSENT;RELEASE_INSUFFICIENT_PATH_COVERAGE;RELEASE_RECEIVER_OR_KEY_MISMATCHED;VERDICT_ASSERTION_1_LIFECYCLE_COVERAGE_INCOMPLETE;VERDICT_ASSERTION_2_LIFECYCLE_COVERAGE_INCOMPLETE;VERDICT_REACHABILITY_NOT_PROVEN;VERDICT_UNRESOLVED_EVIDENCE,static_unknown_not_formal_positive,,,unresolved
family:38bd976e0524b8f92d618a11,dromara/datacompare,resource:4ce401f52f66a96ed2a6c36a,static_unknown,family:38bd976e0524b8f92d618a11;finding:556b3496920a8fbebe5e9d20;certificate:e6246d8c3a29c521007ab040;growth:332ab767d2e23da50a4ccf1a;entry:cd056ecf013b5e5bcf3f7ad2,A1_REACHABILITY_UNKNOWN;A2_REACHABILITY_UNKNOWN;FLOW_GROWTH_NOT_VERIFIED;GROWTH_COVERAGE_INCOMPLETE;LIFECYCLE_PREMISE_UNRESOLVED;VERDICT_ASSERTION_1_LIFECYCLE_COVERAGE_INCOMPLETE;VERDICT_ASSERTION_2_LIFECYCLE_COVERAGE_INCOMPLETE;VERDICT_CANDIDATE_RELEVANT_GAP;VERDICT_FLOW_NOT_PROVEN;VERDICT_GROWTH_NOT_VERIFIED;VERDICT_REACHABILITY_NOT_PROVEN;VERDICT_UNRESOLVED_EVIDENCE,static_unknown_not_formal_positive,,,unresolved
family:4d33e97d922355ac9fb7e65d,dromara/datacompare,resource:4ce401f52f66a96ed2a6c36a,static_unknown,family:4d33e97d922355ac9fb7e65d;finding:504c17d8418b9b395ed31b84;certificate:1692c42e44ccd8f1dbbc94bb;certificate:ad1f1b520ccc0f7d5d0cbc75;growth:09cb299efd6ee70aae83e233;growth:0dde12cc35f2cbb5187616da;entry:4383774e76f985d36a029b96,A1_REACHABILITY_UNKNOWN;A2_REACHABILITY_UNKNOWN;FLOW_GROWTH_NOT_VERIFIED;GROWTH_COVERAGE_INCOMPLETE;LIFECYCLE_PREMISE_UNRESOLVED;VERDICT_ASSERTION_1_LIFECYCLE_COVERAGE_INCOMPLETE;VERDICT_ASSERTION_2_LIFECYCLE_COVERAGE_INCOMPLETE;VERDICT_CANDIDATE_RELEVANT_GAP;VERDICT_FLOW_NOT_PROVEN;VERDICT_GROWTH_NOT_VERIFIED;VERDICT_REACHABILITY_NOT_PROVEN;VERDICT_UNRESOLVED_EVIDENCE,static_unknown_not_formal_positive,,,unresolved
family:53254a6fc007c9dd931a1c1e,dromara/datacompare,resource:d88478e3c80acd07495231f2,static_unknown,family:53254a6fc007c9dd931a1c1e;finding:e33e2a6573d50c860dd28b90;certificate:d89975dd5f35c71cf676b649;growth:8848884bade24565a14c5a32;entry:3ad80f09b617bd9edce9a34a,A1_REACHABILITY_UNKNOWN;A2_REACHABILITY_UNKNOWN;FLOW_GROWTH_NOT_VERIFIED;GROWTH_COVERAGE_INCOMPLETE;LIFECYCLE_PREMISE_UNRESOLVED;VERDICT_ASSERTION_1_LIFECYCLE_COVERAGE_INCOMPLETE;VERDICT_ASSERTION_2_LIFECYCLE_COVERAGE_INCOMPLETE;VERDICT_CANDIDATE_RELEVANT_GAP;VERDICT_FLOW_NOT_PROVEN;VERDICT_GROWTH_NOT_VERIFIED;VERDICT_REACHABILITY_NOT_PROVEN;VERDICT_UNRESOLVED_EVIDENCE,static_unknown_not_formal_positive,,,unresolved
family:d161c8a81d3ea828e30ac927,dromara/datacompare,resource:4ce401f52f66a96ed2a6c36a,static_unknown,family:d161c8a81d3ea828e30ac927;finding:2d419983df566a73ae2bf452;certificate:cf25d2b32822961d138a5c60;growth:9ab3061753153a750df18397;entry:9a379877bdcfed509018e57a,A1_REACHABILITY_UNKNOWN;A2_REACHABILITY_UNKNOWN;FLOW_GROWTH_NOT_VERIFIED;GROWTH_COVERAGE_INCOMPLETE;LIFECYCLE_PREMISE_UNRESOLVED;VERDICT_ASSERTION_1_LIFECYCLE_COVERAGE_INCOMPLETE;VERDICT_ASSERTION_2_LIFECYCLE_COVERAGE_INCOMPLETE;VERDICT_CANDIDATE_RELEVANT_GAP;VERDICT_FLOW_NOT_PROVEN;VERDICT_GROWTH_NOT_VERIFIED;VERDICT_REACHABILITY_NOT_PROVEN;VERDICT_UNRESOLVED_EVIDENCE,static_unknown_not_formal_positive,,,unresolved
family:f5227fa6163784557b7b061b,dromara/datacompare,resource:56f3e956b06e30ae22f38482,static_unknown,family:f5227fa6163784557b7b061b;finding:3441dc0f122b502187881d2f;certificate:5dbd4928f9d446ed4fd5e73a;growth:a10399d03dc7e9d0e0b85812;entry:71d51a7c034576ade74c632e,A1_REACHABILITY_UNKNOWN;A2_REACHABILITY_UNKNOWN;FLOW_GROWTH_NOT_VERIFIED;GROWTH_COVERAGE_INCOMPLETE;LIFECYCLE_PREMISE_UNRESOLVED;VERDICT_ASSERTION_1_LIFECYCLE_COVERAGE_INCOMPLETE;VERDICT_ASSERTION_2_LIFECYCLE_COVERAGE_INCOMPLETE;VERDICT_CANDIDATE_RELEVANT_GAP;VERDICT_FLOW_NOT_PROVEN;VERDICT_GROWTH_NOT_VERIFIED;VERDICT_REACHABILITY_NOT_PROVEN;VERDICT_UNRESOLVED_EVIDENCE,static_unknown_not_formal_positive,,,unresolved
family:f8a4238de1014da81aea526c,dromara/datacompare,resource:095a8ebb25880167ab32d80a,static_unknown,family:f8a4238de1014da81aea526c;finding:aa78bc2e09524b5811d7c155;certificate:c584a88ed0df5e8ad79028d4;growth:095091a7e9cc12e80338ef13;entry:39080d74029ad96a2d918fa5,A1_REACHABILITY_UNKNOWN;A2_REACHABILITY_UNKNOWN;FLOW_GROWTH_NOT_VERIFIED;GROWTH_COVERAGE_INCOMPLETE;LIFECYCLE_PREMISE_UNRESOLVED;VERDICT_ASSERTION_1_LIFECYCLE_COVERAGE_INCOMPLETE;VERDICT_ASSERTION_2_LIFECYCLE_COVERAGE_INCOMPLETE;VERDICT_CANDIDATE_RELEVANT_GAP;VERDICT_FLOW_NOT_PROVEN;VERDICT_GROWTH_NOT_VERIFIED;VERDICT_REACHABILITY_NOT_PROVEN;VERDICT_UNRESOLVED_EVIDENCE,static_unknown_not_formal_positive,,,unresolved
family:1dd9ed86e81ea38c10281bb1,erupts/erupt,resource:1c4994f0917dfba2cbc477b8,static_unknown,family:1dd9ed86e81ea38c10281bb1;finding:4d692914b2685132b240e73b;certificate:090a68c4bd4053531c21958b;growth:002eda9ef0d23d2241fcf2a4;entry:7bce82aad7da0f8dfc87a7b0,A1_REACHABILITY_UNKNOWN;A2_REACHABILITY_UNKNOWN;FLOW_GROWTH_NOT_VERIFIED;GROWTH_COVERAGE_INCOMPLETE;LIFECYCLE_PREMISE_UNRESOLVED;VERDICT_ASSERTION_1_LIFECYCLE_COVERAGE_INCOMPLETE;VERDICT_ASSERTION_2_LIFECYCLE_COVERAGE_INCOMPLETE;VERDICT_CANDIDATE_RELEVANT_GAP;VERDICT_FLOW_NOT_PROVEN;VERDICT_GROWTH_NOT_VERIFIED;VERDICT_REACHABILITY_NOT_PROVEN;VERDICT_UNRESOLVED_EVIDENCE,static_unknown_not_formal_positive,,,unresolved
family:35bbfa88d86a7b73653e8557,erupts/erupt,resource:81baae89594a824911e03355,static_unknown,family:35bbfa88d86a7b73653e8557;finding:1c413542c6291f032f824a31;certificate:8e52a5cd36cd03c0ab2f9109;growth:70a597986e1523b35af505a0;entry:8fd2ef0da4f0f626e39fe5b3,A1_REACHABILITY_UNKNOWN;A2_REACHABILITY_UNKNOWN;FLOW_GROWTH_NOT_VERIFIED;GROWTH_COVERAGE_INCOMPLETE;LIFECYCLE_PREMISE_UNRESOLVED;VERDICT_ASSERTION_1_LIFECYCLE_COVERAGE_INCOMPLETE;VERDICT_ASSERTION_2_LIFECYCLE_COVERAGE_INCOMPLETE;VERDICT_CANDIDATE_RELEVANT_GAP;VERDICT_FLOW_NOT_PROVEN;VERDICT_GROWTH_NOT_VERIFIED;VERDICT_REACHABILITY_NOT_PROVEN;VERDICT_UNRESOLVED_EVIDENCE,static_unknown_not_formal_positive,,,unresolved
family:51e7c05d37edad48e389da24,erupts/erupt,resource:444afbd8baf85463d6de9202,static_unknown,family:51e7c05d37edad48e389da24;finding:b9a3235890e60a32b45d96a7;certificate:9a2992b4b999c956c75ddeb5;growth:6ceae1d19f778307afb58ec8;entry:12d22965eab24a12e6a44892,A1_REACHABILITY_UNKNOWN;A2_REACHABILITY_UNKNOWN;BOUND_COVERAGE_UNKNOWN;GUARD_COVERAGE_UNKNOWN;RELEASE_COVERAGE_UNKNOWN;VERDICT_ASSERTION_1_LIFECYCLE_COVERAGE_INCOMPLETE;VERDICT_ASSERTION_2_LIFECYCLE_COVERAGE_INCOMPLETE;VERDICT_REACHABILITY_NOT_PROVEN;VERDICT_UNRESOLVED_EVIDENCE,static_unknown_not_formal_positive,,,unresolved
family:b439f57c6ccf831e36524d96,erupts/erupt,resource:2bd0df9f17214d5fb08f4947,static_unknown,family:b439f57c6ccf831e36524d96;finding:fb75f0218094ab28591abe49;certificate:8929fcc8338d3be076262138;growth:ec09fa8b81856ea943523261;entry:fcc47aa5bca39a4eb992cb67,A1_REACHABILITY_UNKNOWN;A2_REACHABILITY_UNKNOWN;FLOW_GROWTH_NOT_VERIFIED;GROWTH_COVERAGE_INCOMPLETE;LIFECYCLE_PREMISE_UNRESOLVED;VERDICT_ASSERTION_1_LIFECYCLE_COVERAGE_INCOMPLETE;VERDICT_ASSERTION_2_LIFECYCLE_COVERAGE_INCOMPLETE;VERDICT_CANDIDATE_RELEVANT_GAP;VERDICT_FLOW_NOT_PROVEN;VERDICT_GROWTH_NOT_VERIFIED;VERDICT_REACHABILITY_NOT_PROVEN;VERDICT_UNRESOLVED_EVIDENCE,static_unknown_not_formal_positive,,,unresolved
family:d6e4405edfa0d03d03095375,erupts/erupt,resource:0d4ce35ecd782bc3f9ae6c28,static_unknown,family:d6e4405edfa0d03d03095375;finding:c1d7367a99300017a90932f0;certificate:50027e7cfa7f30eb4d129e2e;growth:c2de1f01ec2b3625adb803ea;entry:7a256724d3843504bd9934db,A1_REACHABILITY_UNKNOWN;A2_REACHABILITY_UNKNOWN;BOUND_COVERAGE_UNKNOWN;GUARD_COVERAGE_UNKNOWN;RELEASE_COVERAGE_UNKNOWN;VERDICT_ASSERTION_1_LIFECYCLE_COVERAGE_INCOMPLETE;VERDICT_ASSERTION_2_LIFECYCLE_COVERAGE_INCOMPLETE;VERDICT_REACHABILITY_NOT_PROVEN;VERDICT_UNRESOLVED_EVIDENCE,static_unknown_not_formal_positive,,,unresolved
family:048257e2b0782d1cd56580aa,getrebuild/rebuild,resource:da0dec195772ece9e8b89554,static_unknown,family:048257e2b0782d1cd56580aa;finding:9055661dadd286ca3d521b6d;certificate:794c7106eee5b7bb920aa658;growth:f2388ed3d3dcedf2dee68140;entry:0a282803afb93ef304d45634,A1_REACHABILITY_UNKNOWN;A2_REACHABILITY_UNKNOWN;FLOW_GROWTH_NOT_VERIFIED;GROWTH_COVERAGE_INCOMPLETE;LIFECYCLE_PREMISE_UNRESOLVED;VERDICT_ASSERTION_1_LIFECYCLE_COVERAGE_INCOMPLETE;VERDICT_ASSERTION_2_LIFECYCLE_COVERAGE_INCOMPLETE;VERDICT_CANDIDATE_RELEVANT_GAP;VERDICT_FLOW_NOT_PROVEN;VERDICT_GROWTH_NOT_VERIFIED;VERDICT_REACHABILITY_NOT_PROVEN;VERDICT_UNRESOLVED_EVIDENCE,static_unknown_not_formal_positive,,,unresolved
family:0d4a1cd5b88efa7bbafe49e6,getrebuild/rebuild,resource:5a1112f8dabb9e26c93a1f0f,static_unknown,family:0d4a1cd5b88efa7bbafe49e6;finding:e2a4494afcdc39839ff4166b;certificate:e4f60abf75fae28cd3f38166;growth:de42b5fb828b9bd11f4a79a0;entry:c57f610e4fc5395234304bfe,A1_REACHABILITY_UNKNOWN;A2_REACHABILITY_UNKNOWN;FLOW_GROWTH_NOT_VERIFIED;GROWTH_COVERAGE_INCOMPLETE;LIFECYCLE_PREMISE_UNRESOLVED;VERDICT_ASSERTION_1_LIFECYCLE_COVERAGE_INCOMPLETE;VERDICT_ASSERTION_2_LIFECYCLE_COVERAGE_INCOMPLETE;VERDICT_CANDIDATE_RELEVANT_GAP;VERDICT_FLOW_NOT_PROVEN;VERDICT_GROWTH_NOT_VERIFIED;VERDICT_REACHABILITY_NOT_PROVEN;VERDICT_UNRESOLVED_EVIDENCE,static_unknown_not_formal_positive,,,unresolved
family:11403f448b2360a26f3862e1,getrebuild/rebuild,resource:465e57d1420b8411f053b3a6,static_unknown,family:11403f448b2360a26f3862e1;finding:b14f5baf1df99122478f420a;certificate:4361c47a492da2baa926cf0d;growth:6723ba05de4a2096a805bf1b;entry:7b1d30625eb7eb591cab4979,A1_REACHABILITY_UNKNOWN;A2_REACHABILITY_UNKNOWN;FLOW_GROWTH_NOT_VERIFIED;GROWTH_COVERAGE_INCOMPLETE;LIFECYCLE_PREMISE_UNRESOLVED;VERDICT_ASSERTION_1_LIFECYCLE_COVERAGE_INCOMPLETE;VERDICT_ASSERTION_2_LIFECYCLE_COVERAGE_INCOMPLETE;VERDICT_CANDIDATE_RELEVANT_GAP;VERDICT_FLOW_NOT_PROVEN;VERDICT_GROWTH_NOT_VERIFIED;VERDICT_REACHABILITY_NOT_PROVEN;VERDICT_UNRESOLVED_EVIDENCE,static_unknown_not_formal_positive,,,unresolved
family:1862e8ed691284cb26782913,getrebuild/rebuild,resource:7d0067065a79dd03447543d7,static_unknown,family:1862e8ed691284cb26782913;finding:e81b4916c3556fdafa54e298;certificate:24af4629b0de9b85c5277159;growth:a3adc366df451855f994d6d3;entry:7a9472207832438ec5032de3,A1_REACHABILITY_UNKNOWN;A2_REACHABILITY_UNKNOWN;FLOW_GROWTH_NOT_VERIFIED;GROWTH_COVERAGE_INCOMPLETE;LIFECYCLE_PREMISE_UNRESOLVED;VERDICT_ASSERTION_1_LIFECYCLE_COVERAGE_INCOMPLETE;VERDICT_ASSERTION_2_LIFECYCLE_COVERAGE_INCOMPLETE;VERDICT_CANDIDATE_RELEVANT_GAP;VERDICT_FLOW_NOT_PROVEN;VERDICT_GROWTH_NOT_VERIFIED;VERDICT_REACHABILITY_NOT_PROVEN;VERDICT_UNRESOLVED_EVIDENCE,static_unknown_not_formal_positive,,,unresolved
family:27a99408b496f3351cdd2e9e,getrebuild/rebuild,resource:d5acdda402810b98449978de,static_unknown,family:27a99408b496f3351cdd2e9e;finding:3532527ca61db87c8cedc630;certificate:8147ced87fb4785d35a6fc97;growth:1a21dbb26bf0184c3d0a3e69;entry:847d0039f756a2effb845357,A1_REACHABILITY_UNKNOWN;A2_REACHABILITY_UNKNOWN;FLOW_GROWTH_NOT_VERIFIED;GROWTH_COVERAGE_INCOMPLETE;LIFECYCLE_PREMISE_UNRESOLVED;VERDICT_ASSERTION_1_LIFECYCLE_COVERAGE_INCOMPLETE;VERDICT_ASSERTION_2_LIFECYCLE_COVERAGE_INCOMPLETE;VERDICT_CANDIDATE_RELEVANT_GAP;VERDICT_FLOW_NOT_PROVEN;VERDICT_GROWTH_NOT_VERIFIED;VERDICT_REACHABILITY_NOT_PROVEN;VERDICT_UNRESOLVED_EVIDENCE,static_unknown_not_formal_positive,,,unresolved
family:27e7063aea4f6b03d4047700,getrebuild/rebuild,resource:d5acdda402810b98449978de,static_unknown,family:27e7063aea4f6b03d4047700;finding:c1f4cecceed41645d1698c65;certificate:b6a00c989bf66961681dbf42;growth:1f54d88b5ccb43a32b4b733c;entry:34b8585e30fbdbfb832a0f61,A1_REACHABILITY_UNKNOWN;A2_REACHABILITY_UNKNOWN;FLOW_GROWTH_NOT_VERIFIED;GROWTH_COVERAGE_INCOMPLETE;LIFECYCLE_PREMISE_UNRESOLVED;VERDICT_ASSERTION_1_LIFECYCLE_COVERAGE_INCOMPLETE;VERDICT_ASSERTION_2_LIFECYCLE_COVERAGE_INCOMPLETE;VERDICT_CANDIDATE_RELEVANT_GAP;VERDICT_FLOW_NOT_PROVEN;VERDICT_GROWTH_NOT_VERIFIED;VERDICT_REACHABILITY_NOT_PROVEN;VERDICT_UNRESOLVED_EVIDENCE,static_unknown_not_formal_positive,,,unresolved
family:2deb9c20cc031f03054e75db,getrebuild/rebuild,resource:eac64f8a8b5ee818c5fff86c,static_unknown,family:2deb9c20cc031f03054e75db;finding:ce4324223969f70621d5348e;certificate:82b20ebe767047f757c86ff1;growth:a6ce0e050587faafbd98a9e8;entry:12c1de443416453a2e9b03cf,A1_REACHABILITY_UNKNOWN;A2_REACHABILITY_UNKNOWN;FLOW_GROWTH_NOT_VERIFIED;GROWTH_COVERAGE_INCOMPLETE;LIFECYCLE_PREMISE_UNRESOLVED;VERDICT_ASSERTION_1_LIFECYCLE_COVERAGE_INCOMPLETE;VERDICT_ASSERTION_2_LIFECYCLE_COVERAGE_INCOMPLETE;VERDICT_CANDIDATE_RELEVANT_GAP;VERDICT_FLOW_NOT_PROVEN;VERDICT_GROWTH_NOT_VERIFIED;VERDICT_REACHABILITY_NOT_PROVEN;VERDICT_UNRESOLVED_EVIDENCE,static_unknown_not_formal_positive,,,unresolved
family:31bc733b28d85445750d298e,getrebuild/rebuild,resource:8ba15395ad893ca59c525ac2,static_unknown,family:31bc733b28d85445750d298e;finding:b08aa4172b94c89de7834fb6;certificate:29c85d94822b05b1375fe2a3;growth:14f0d04cb2861455a83026a0;entry:b731a66d53f7665b392d6be9,A1_REACHABILITY_UNKNOWN;A2_REACHABILITY_UNKNOWN;FLOW_GROWTH_NOT_VERIFIED;GROWTH_COVERAGE_INCOMPLETE;LIFECYCLE_PREMISE_UNRESOLVED;VERDICT_ASSERTION_1_LIFECYCLE_COVERAGE_INCOMPLETE;VERDICT_ASSERTION_2_LIFECYCLE_COVERAGE_INCOMPLETE;VERDICT_CANDIDATE_RELEVANT_GAP;VERDICT_FLOW_NOT_PROVEN;VERDICT_GROWTH_NOT_VERIFIED;VERDICT_REACHABILITY_NOT_PROVEN;VERDICT_UNRESOLVED_EVIDENCE,static_unknown_not_formal_positive,,,unresolved
family:490d02963b38a5e0c5379e58,getrebuild/rebuild,resource:50e4728161493ecffa8daa62,static_unknown,family:490d02963b38a5e0c5379e58;finding:dbce43eb61545de252ff4a2a;certificate:e10393d6fc6861c5889a57d9;growth:3c3b203acabad5872e2369aa;entry:5507c26186a36ba98c98944b,A1_REACHABILITY_UNKNOWN;A2_REACHABILITY_UNKNOWN;FLOW_GROWTH_NOT_VERIFIED;GROWTH_COVERAGE_INCOMPLETE;LIFECYCLE_PREMISE_UNRESOLVED;VERDICT_ASSERTION_1_LIFECYCLE_COVERAGE_INCOMPLETE;VERDICT_ASSERTION_2_LIFECYCLE_COVERAGE_INCOMPLETE;VERDICT_CANDIDATE_RELEVANT_GAP;VERDICT_FLOW_NOT_PROVEN;VERDICT_GROWTH_NOT_VERIFIED;VERDICT_REACHABILITY_NOT_PROVEN;VERDICT_UNRESOLVED_EVIDENCE,static_unknown_not_formal_positive,,,unresolved
family:4ddd51d0610c62405cb53e24,getrebuild/rebuild,resource:180a5a079b1e6ebb495c89bc,static_unknown,family:4ddd51d0610c62405cb53e24;finding:29df2f9ed587893e169f7499;certificate:8bf05d74796f4f7309480881;certificate:9a4b0a8a5fd24264c5bb12fd;growth:4293278516a6e766fa5bd51c;growth:6b0ba8fbe397b5344300454c;entry:c4de1d00262d35ed9691a0d3,A1_REACHABILITY_UNKNOWN;A2_REACHABILITY_UNKNOWN;FLOW_GROWTH_NOT_VERIFIED;GROWTH_COVERAGE_INCOMPLETE;LIFECYCLE_PREMISE_UNRESOLVED;VERDICT_ASSERTION_1_LIFECYCLE_COVERAGE_INCOMPLETE;VERDICT_ASSERTION_2_LIFECYCLE_COVERAGE_INCOMPLETE;VERDICT_CANDIDATE_RELEVANT_GAP;VERDICT_FLOW_NOT_PROVEN;VERDICT_GROWTH_NOT_VERIFIED;VERDICT_REACHABILITY_NOT_PROVEN;VERDICT_UNRESOLVED_EVIDENCE,static_unknown_not_formal_positive,,,unresolved
family:5a1ad4fd603b524fea527734,getrebuild/rebuild,resource:d1031a4f0bb05f6bd24e31aa,static_unknown,family:5a1ad4fd603b524fea527734;finding:040103dab97c825a42b3f885;certificate:4a8c6e5ea9ffe7b59c5a8eaa;certificate:e6c697e6f54c5c68dda77df7;growth:5cb2d13e9d8edf5d7250f70f;growth:6546355383de45b724c7ffc8;entry:5507c26186a36ba98c98944b,A1_REACHABILITY_UNKNOWN;A2_REACHABILITY_UNKNOWN;FLOW_GROWTH_NOT_VERIFIED;GROWTH_COVERAGE_INCOMPLETE;LIFECYCLE_PREMISE_UNRESOLVED;VERDICT_ASSERTION_1_LIFECYCLE_COVERAGE_INCOMPLETE;VERDICT_ASSERTION_2_LIFECYCLE_COVERAGE_INCOMPLETE;VERDICT_CANDIDATE_RELEVANT_GAP;VERDICT_FLOW_NOT_PROVEN;VERDICT_GROWTH_NOT_VERIFIED;VERDICT_REACHABILITY_NOT_PROVEN;VERDICT_UNRESOLVED_EVIDENCE,static_unknown_not_formal_positive,,,unresolved
family:62cb1bd9296fc591718bf241,getrebuild/rebuild,resource:cddb7fcc7e9d145634ad61c0,static_unknown,family:62cb1bd9296fc591718bf241;finding:a12518563e7dcbe11f94cba1;certificate:b6c3461f15d1cd7b22a60a78;growth:b64097c8a9b823bffff35d80;entry:5507c26186a36ba98c98944b,A1_REACHABILITY_UNKNOWN;A2_REACHABILITY_UNKNOWN;FLOW_GROWTH_NOT_VERIFIED;GROWTH_COVERAGE_INCOMPLETE;LIFECYCLE_PREMISE_UNRESOLVED;VERDICT_ASSERTION_1_LIFECYCLE_COVERAGE_INCOMPLETE;VERDICT_ASSERTION_2_LIFECYCLE_COVERAGE_INCOMPLETE;VERDICT_CANDIDATE_RELEVANT_GAP;VERDICT_FLOW_NOT_PROVEN;VERDICT_GROWTH_NOT_VERIFIED;VERDICT_REACHABILITY_NOT_PROVEN;VERDICT_UNRESOLVED_EVIDENCE,static_unknown_not_formal_positive,,,unresolved
family:6af62f3a262b9ebb45075814,getrebuild/rebuild,resource:7dbbf1fcd3a38d68e5901ef7,static_unknown,family:6af62f3a262b9ebb45075814;finding:75f0f90fcd6ab3c144df76b3;certificate:c44c293ab8fc61e61e99e8c1;growth:e199a14bc73c73d9f17eb8a4;entry:268553fa56c96dd6fca3b061,A1_REACHABILITY_UNKNOWN;A2_REACHABILITY_UNKNOWN;FLOW_GROWTH_NOT_VERIFIED;GROWTH_COVERAGE_INCOMPLETE;LIFECYCLE_PREMISE_UNRESOLVED;VERDICT_ASSERTION_1_LIFECYCLE_COVERAGE_INCOMPLETE;VERDICT_ASSERTION_2_LIFECYCLE_COVERAGE_INCOMPLETE;VERDICT_CANDIDATE_RELEVANT_GAP;VERDICT_FLOW_NOT_PROVEN;VERDICT_GROWTH_NOT_VERIFIED;VERDICT_REACHABILITY_NOT_PROVEN;VERDICT_UNRESOLVED_EVIDENCE,static_unknown_not_formal_positive,,,unresolved
family:8ae056524b47073b6ca0dbef,getrebuild/rebuild,resource:d5acdda402810b98449978de,static_unknown,family:8ae056524b47073b6ca0dbef;finding:95093c886e30cea5073405e1;certificate:d372cf50c6ed8bf67fd95ca2;growth:b4d6cae5d182f70a054bb388;entry:be5a02956f8c9daaf151998c,A1_REACHABILITY_UNKNOWN;A2_REACHABILITY_UNKNOWN;FLOW_GROWTH_NOT_VERIFIED;GROWTH_COVERAGE_INCOMPLETE;LIFECYCLE_PREMISE_UNRESOLVED;VERDICT_ASSERTION_1_LIFECYCLE_COVERAGE_INCOMPLETE;VERDICT_ASSERTION_2_LIFECYCLE_COVERAGE_INCOMPLETE;VERDICT_CANDIDATE_RELEVANT_GAP;VERDICT_FLOW_NOT_PROVEN;VERDICT_GROWTH_NOT_VERIFIED;VERDICT_REACHABILITY_NOT_PROVEN;VERDICT_UNRESOLVED_EVIDENCE,static_unknown_not_formal_positive,,,unresolved
family:8cffd8201f5d9defeaf06132,getrebuild/rebuild,resource:d5acdda402810b98449978de,static_unknown,family:8cffd8201f5d9defeaf06132;finding:838465bdc0da6244f6cb8cbf;certificate:5d67b76b8947aead9cad6933;growth:d34ed63489b48063a7cad983;entry:5507c26186a36ba98c98944b,A1_REACHABILITY_UNKNOWN;A2_REACHABILITY_UNKNOWN;FLOW_GROWTH_NOT_VERIFIED;GROWTH_COVERAGE_INCOMPLETE;LIFECYCLE_PREMISE_UNRESOLVED;VERDICT_ASSERTION_1_LIFECYCLE_COVERAGE_INCOMPLETE;VERDICT_ASSERTION_2_LIFECYCLE_COVERAGE_INCOMPLETE;VERDICT_CANDIDATE_RELEVANT_GAP;VERDICT_FLOW_NOT_PROVEN;VERDICT_GROWTH_NOT_VERIFIED;VERDICT_REACHABILITY_NOT_PROVEN;VERDICT_UNRESOLVED_EVIDENCE,static_unknown_not_formal_positive,,,unresolved
family:9ab6968aef9a074eaec3d9ae,getrebuild/rebuild,resource:65f82715fdbf88cba0605351,static_unknown,family:9ab6968aef9a074eaec3d9ae;finding:64065c24f7bfa8fd1197ce53;certificate:d4aab2b36d71cebefb43dbd5;growth:1fc68423d7b7fce6224e8c58;entry:0bc75bd74407ed543fcc1e5f,A1_REACHABILITY_UNKNOWN;A2_REACHABILITY_UNKNOWN;FLOW_GROWTH_NOT_VERIFIED;GROWTH_COVERAGE_INCOMPLETE;LIFECYCLE_PREMISE_UNRESOLVED;VERDICT_ASSERTION_1_LIFECYCLE_COVERAGE_INCOMPLETE;VERDICT_ASSERTION_2_LIFECYCLE_COVERAGE_INCOMPLETE;VERDICT_CANDIDATE_RELEVANT_GAP;VERDICT_FLOW_NOT_PROVEN;VERDICT_GROWTH_NOT_VERIFIED;VERDICT_REACHABILITY_NOT_PROVEN;VERDICT_UNRESOLVED_EVIDENCE,static_unknown_not_formal_positive,,,unresolved
family:b699b7216d701161d6bd3bc4,getrebuild/rebuild,resource:9282edd8ad8976356a9d815f,static_unknown,family:b699b7216d701161d6bd3bc4;finding:20f5d84a1344270d002e26cd;certificate:972f19cea9a1e382f0ed2173;growth:ac3e192b3c45b12e324b829c;entry:11ed2b1df86842f44040a728,A1_REACHABILITY_UNKNOWN;A2_REACHABILITY_UNKNOWN;FLOW_GROWTH_NOT_VERIFIED;GROWTH_COVERAGE_INCOMPLETE;LIFECYCLE_PREMISE_UNRESOLVED;VERDICT_ASSERTION_1_LIFECYCLE_COVERAGE_INCOMPLETE;VERDICT_ASSERTION_2_LIFECYCLE_COVERAGE_INCOMPLETE;VERDICT_CANDIDATE_RELEVANT_GAP;VERDICT_FLOW_NOT_PROVEN;VERDICT_GROWTH_NOT_VERIFIED;VERDICT_REACHABILITY_NOT_PROVEN;VERDICT_UNRESOLVED_EVIDENCE,static_unknown_not_formal_positive,,,unresolved
family:c641990925dc30d8670077aa,getrebuild/rebuild,resource:d5acdda402810b98449978de,static_unknown,family:c641990925dc30d8670077aa;finding:ac8352aa88ee1733e91cd0c7;certificate:8e86706d81129395d6c19b28;growth:ac924233607b65da6d8950a4;entry:93f4947caf54c248ad95704f,A1_REACHABILITY_UNKNOWN;A2_REACHABILITY_UNKNOWN;FLOW_GROWTH_NOT_VERIFIED;GROWTH_COVERAGE_INCOMPLETE;LIFECYCLE_PREMISE_UNRESOLVED;VERDICT_ASSERTION_1_LIFECYCLE_COVERAGE_INCOMPLETE;VERDICT_ASSERTION_2_LIFECYCLE_COVERAGE_INCOMPLETE;VERDICT_CANDIDATE_RELEVANT_GAP;VERDICT_FLOW_NOT_PROVEN;VERDICT_GROWTH_NOT_VERIFIED;VERDICT_REACHABILITY_NOT_PROVEN;VERDICT_UNRESOLVED_EVIDENCE,static_unknown_not_formal_positive,,,unresolved
family:da7c2b85005678ae55f3af4c,getrebuild/rebuild,resource:d5acdda402810b98449978de,static_unknown,family:da7c2b85005678ae55f3af4c;finding:cf0f7e7c2210a1571984e755;certificate:32967da0f916f44aa9d91d40;growth:23c0b0f4c8b23d7fc76f5e12;entry:1b8b4344cd8e838b6a8ba3a2,A1_REACHABILITY_UNKNOWN;A2_REACHABILITY_UNKNOWN;FLOW_GROWTH_NOT_VERIFIED;GROWTH_COVERAGE_INCOMPLETE;LIFECYCLE_PREMISE_UNRESOLVED;VERDICT_ASSERTION_1_LIFECYCLE_COVERAGE_INCOMPLETE;VERDICT_ASSERTION_2_LIFECYCLE_COVERAGE_INCOMPLETE;VERDICT_CANDIDATE_RELEVANT_GAP;VERDICT_FLOW_NOT_PROVEN;VERDICT_GROWTH_NOT_VERIFIED;VERDICT_REACHABILITY_NOT_PROVEN;VERDICT_UNRESOLVED_EVIDENCE,static_unknown_not_formal_positive,,,unresolved
family:dcdcfea5f4eb7422d65f2a15,getrebuild/rebuild,resource:d5acdda402810b98449978de,static_unknown,family:dcdcfea5f4eb7422d65f2a15;finding:bb7104fc4af89c28d7c39fee;certificate:03c0afc444bb412a371475d4;growth:b35ae6aab129c9af58127e92;entry:3b3dabfd4f2170d0eecf1b47,A1_REACHABILITY_UNKNOWN;A2_REACHABILITY_UNKNOWN;FLOW_GROWTH_NOT_VERIFIED;GROWTH_COVERAGE_INCOMPLETE;LIFECYCLE_PREMISE_UNRESOLVED;VERDICT_ASSERTION_1_LIFECYCLE_COVERAGE_INCOMPLETE;VERDICT_ASSERTION_2_LIFECYCLE_COVERAGE_INCOMPLETE;VERDICT_CANDIDATE_RELEVANT_GAP;VERDICT_FLOW_NOT_PROVEN;VERDICT_GROWTH_NOT_VERIFIED;VERDICT_REACHABILITY_NOT_PROVEN;VERDICT_UNRESOLVED_EVIDENCE,static_unknown_not_formal_positive,,,unresolved
family:e8b7624913584a0a75759b58,getrebuild/rebuild,resource:d5acdda402810b98449978de,static_unknown,family:e8b7624913584a0a75759b58;finding:627f215936911bad22ae26f4;certificate:7900db3343d17fa0651c9381;growth:1f47ab12940371b085e66b6a;entry:d4004b39037f48f0431036ea,A1_REACHABILITY_UNKNOWN;A2_REACHABILITY_UNKNOWN;FLOW_GROWTH_NOT_VERIFIED;GROWTH_COVERAGE_INCOMPLETE;LIFECYCLE_PREMISE_UNRESOLVED;VERDICT_ASSERTION_1_LIFECYCLE_COVERAGE_INCOMPLETE;VERDICT_ASSERTION_2_LIFECYCLE_COVERAGE_INCOMPLETE;VERDICT_CANDIDATE_RELEVANT_GAP;VERDICT_FLOW_NOT_PROVEN;VERDICT_GROWTH_NOT_VERIFIED;VERDICT_REACHABILITY_NOT_PROVEN;VERDICT_UNRESOLVED_EVIDENCE,static_unknown_not_formal_positive,,,unresolved
family:fc1b461a08736cab7274e35b,getrebuild/rebuild,resource:d5acdda402810b98449978de,static_unknown,family:fc1b461a08736cab7274e35b;finding:795cd3527b97ece63eaaeade;certificate:4319ad7c488fbfa0f381617c;growth:88b6c23a2d6b64e5d16bdea4;entry:d06e2c465d51b15a121b4e19,A1_REACHABILITY_UNKNOWN;A2_REACHABILITY_UNKNOWN;FLOW_GROWTH_NOT_VERIFIED;GROWTH_COVERAGE_INCOMPLETE;LIFECYCLE_PREMISE_UNRESOLVED;VERDICT_ASSERTION_1_LIFECYCLE_COVERAGE_INCOMPLETE;VERDICT_ASSERTION_2_LIFECYCLE_COVERAGE_INCOMPLETE;VERDICT_CANDIDATE_RELEVANT_GAP;VERDICT_FLOW_NOT_PROVEN;VERDICT_GROWTH_NOT_VERIFIED;VERDICT_REACHABILITY_NOT_PROVEN;VERDICT_UNRESOLVED_EVIDENCE,static_unknown_not_formal_positive,,,unresolved
family:11e9cbe2e2904db4ee7d0a9e,grobidorg/grobid,resource:08d5cf82d824af25d551d3de,static_unknown,family:11e9cbe2e2904db4ee7d0a9e;finding:d8896f29f917c7a8b9a4d2c4;certificate:4e3c1b8349f29b05fe6d830f;growth:9c40b0af5942b9c265aa1fe8;entry:11908761e358f3e8c4fdeea5,A1_REACHABILITY_UNKNOWN;A2_REACHABILITY_UNKNOWN;FLOW_GROWTH_NOT_VERIFIED;GROWTH_COVERAGE_INCOMPLETE;LIFECYCLE_PREMISE_UNRESOLVED;VERDICT_ASSERTION_1_LIFECYCLE_COVERAGE_INCOMPLETE;VERDICT_ASSERTION_2_LIFECYCLE_COVERAGE_INCOMPLETE;VERDICT_CANDIDATE_RELEVANT_GAP;VERDICT_FLOW_NOT_PROVEN;VERDICT_GROWTH_NOT_VERIFIED;VERDICT_REACHABILITY_NOT_PROVEN;VERDICT_UNRESOLVED_EVIDENCE,static_unknown_not_formal_positive,,,unresolved
family:84425f3a7a6ad647c7e628de,grobidorg/grobid,resource:08d5cf82d824af25d551d3de,static_unknown,family:84425f3a7a6ad647c7e628de;finding:f28e21e70b438ada6ace6f1b;certificate:5c987e8b01ad115490c7275e;growth:0eca42f39d2df1afa44eadfa;entry:a23e2a548593b5b10feea80e,A1_REACHABILITY_UNKNOWN;A2_REACHABILITY_UNKNOWN;FLOW_GROWTH_NOT_VERIFIED;GROWTH_COVERAGE_INCOMPLETE;LIFECYCLE_PREMISE_UNRESOLVED;VERDICT_ASSERTION_1_LIFECYCLE_COVERAGE_INCOMPLETE;VERDICT_ASSERTION_2_LIFECYCLE_COVERAGE_INCOMPLETE;VERDICT_CANDIDATE_RELEVANT_GAP;VERDICT_FLOW_NOT_PROVEN;VERDICT_GROWTH_NOT_VERIFIED;VERDICT_REACHABILITY_NOT_PROVEN;VERDICT_UNRESOLVED_EVIDENCE,static_unknown_not_formal_positive,,,unresolved
family:100f692d47d9a206112ce6d4,jetlinks/jetlinks-community,resource:9c113cc6e0e7a9d57fc37a4f,static_unknown,family:100f692d47d9a206112ce6d4;finding:d681c391f0b3f26037f91d3f;certificate:439fefaabfb0b73266d21e11;growth:56869d325682d7b092e533c2;entry:403a5138bb008fb7d38d70f5,A1_REACHABILITY_UNKNOWN;A2_REACHABILITY_UNKNOWN;FLOW_GROWTH_NOT_VERIFIED;GROWTH_COVERAGE_INCOMPLETE;LIFECYCLE_PREMISE_UNRESOLVED;VERDICT_ASSERTION_1_LIFECYCLE_COVERAGE_INCOMPLETE;VERDICT_ASSERTION_2_LIFECYCLE_COVERAGE_INCOMPLETE;VERDICT_CANDIDATE_RELEVANT_GAP;VERDICT_FLOW_NOT_PROVEN;VERDICT_GROWTH_NOT_VERIFIED;VERDICT_REACHABILITY_NOT_PROVEN;VERDICT_UNRESOLVED_EVIDENCE,static_unknown_not_formal_positive,,,unresolved
family:11e9c626184af9a69c40bf4a,jetlinks/jetlinks-community,resource:8a5192098f061ec8cf2890b3,static_unknown,family:11e9c626184af9a69c40bf4a;finding:0f342b310d851cfc75d960a4;certificate:5bc3bb19a826201ee15501d5;growth:a5d7017f989080aa7111393d;entry:300a1d5ce8f277615dec3561,A1_REACHABILITY_UNKNOWN;A2_REACHABILITY_UNKNOWN;FLOW_GROWTH_NOT_VERIFIED;GROWTH_COVERAGE_INCOMPLETE;LIFECYCLE_PREMISE_UNRESOLVED;VERDICT_ASSERTION_1_LIFECYCLE_COVERAGE_INCOMPLETE;VERDICT_ASSERTION_2_LIFECYCLE_COVERAGE_INCOMPLETE;VERDICT_CANDIDATE_RELEVANT_GAP;VERDICT_FLOW_NOT_PROVEN;VERDICT_GROWTH_NOT_VERIFIED;VERDICT_REACHABILITY_NOT_PROVEN;VERDICT_UNRESOLVED_EVIDENCE,static_unknown_not_formal_positive,,,unresolved
family:16206c8763fe400748e2aae6,jetlinks/jetlinks-community,resource:8f1107e509b3506c5941217f,static_unknown,family:16206c8763fe400748e2aae6;finding:556a5d1a7cda55c3e219ab39;certificate:6db6706312852093993d2bd4;certificate:700baaa5a54572fe01f01d0d;growth:56298cc3eb84000350a6752e;growth:aeb2c9663a47cbf4d81dbfb1;entry:54ef852b822b821028876d55,A1_REACHABILITY_UNKNOWN;A2_REACHABILITY_UNKNOWN;FLOW_GROWTH_NOT_VERIFIED;GROWTH_COVERAGE_INCOMPLETE;LIFECYCLE_PREMISE_UNRESOLVED;VERDICT_ASSERTION_1_LIFECYCLE_COVERAGE_INCOMPLETE;VERDICT_ASSERTION_2_LIFECYCLE_COVERAGE_INCOMPLETE;VERDICT_CANDIDATE_RELEVANT_GAP;VERDICT_FLOW_NOT_PROVEN;VERDICT_GROWTH_NOT_VERIFIED;VERDICT_REACHABILITY_NOT_PROVEN;VERDICT_UNRESOLVED_EVIDENCE,static_unknown_not_formal_positive,,,unresolved
family:46703d816ab95835ab1e55df,jetlinks/jetlinks-community,resource:444afbd8baf85463d6de9202,static_unknown,family:46703d816ab95835ab1e55df;finding:9be81ccbfdac430d5f6c0e28;certificate:71c90a502048b149e3d52f77;growth:d97210635cccd11f3b11f84f;entry:e7ec6bf6ad88e60a856add4a,A1_REACHABILITY_UNKNOWN;A2_REACHABILITY_UNKNOWN;BOUND_COVERAGE_UNKNOWN;GUARD_COVERAGE_UNKNOWN;RELEASE_COVERAGE_UNKNOWN;VERDICT_ASSERTION_1_LIFECYCLE_COVERAGE_INCOMPLETE;VERDICT_ASSERTION_2_LIFECYCLE_COVERAGE_INCOMPLETE;VERDICT_REACHABILITY_NOT_PROVEN;VERDICT_UNRESOLVED_EVIDENCE,static_unknown_not_formal_positive,,,unresolved
family:60515812d24c05d8bfa8f5f1,jetlinks/jetlinks-community,resource:4220bcb947c5c76a3bb3fa01,static_unknown,family:60515812d24c05d8bfa8f5f1;finding:05835bd54d88bc81ae8f7ffa;certificate:15d7a843dd39a87af33bd43e;growth:3dda1bf061770d627173c3de;entry:706a2cea3f9188869eb23e66,A1_REACHABILITY_UNKNOWN;A2_REACHABILITY_UNKNOWN;FLOW_GROWTH_NOT_VERIFIED;GROWTH_COVERAGE_INCOMPLETE;LIFECYCLE_PREMISE_UNRESOLVED;VERDICT_ASSERTION_1_LIFECYCLE_COVERAGE_INCOMPLETE;VERDICT_ASSERTION_2_LIFECYCLE_COVERAGE_INCOMPLETE;VERDICT_CANDIDATE_RELEVANT_GAP;VERDICT_FLOW_NOT_PROVEN;VERDICT_GROWTH_NOT_VERIFIED;VERDICT_REACHABILITY_NOT_PROVEN;VERDICT_UNRESOLVED_EVIDENCE,static_unknown_not_formal_positive,,,unresolved
family:68bf501832a1f68ec6228c1b,jetlinks/jetlinks-community,resource:ec53ffbfd20e7ba3d1c6580f,static_unknown,family:68bf501832a1f68ec6228c1b;finding:8fcc2ce7950c30e0d49c03ab;certificate:69e71f460ee2c1b68d20e161;growth:e5a99b55fd20d0c1eb27997d;entry:300a1d5ce8f277615dec3561,A1_REACHABILITY_UNKNOWN;A2_REACHABILITY_UNKNOWN;FLOW_GROWTH_NOT_VERIFIED;GROWTH_COVERAGE_INCOMPLETE;LIFECYCLE_PREMISE_UNRESOLVED;VERDICT_ASSERTION_1_LIFECYCLE_COVERAGE_INCOMPLETE;VERDICT_ASSERTION_2_LIFECYCLE_COVERAGE_INCOMPLETE;VERDICT_CANDIDATE_RELEVANT_GAP;VERDICT_FLOW_NOT_PROVEN;VERDICT_GROWTH_NOT_VERIFIED;VERDICT_REACHABILITY_NOT_PROVEN;VERDICT_UNRESOLVED_EVIDENCE,static_unknown_not_formal_positive,,,unresolved
family:86792536d1c22efb76949714,jetlinks/jetlinks-community,resource:e2eb32ea9c564f1431ef895d,static_unknown,family:86792536d1c22efb76949714;finding:278168abeeffd7ae12d2d8e2;certificate:64290aa761ce4a2b92bd0672;growth:f296bc53ca7fd12c40dad983;entry:1db74d928a29caf3ff57daed,A1_REACHABILITY_UNKNOWN;A2_REACHABILITY_UNKNOWN;FLOW_GROWTH_NOT_VERIFIED;GROWTH_COVERAGE_INCOMPLETE;LIFECYCLE_PREMISE_UNRESOLVED;VERDICT_ASSERTION_1_LIFECYCLE_COVERAGE_INCOMPLETE;VERDICT_ASSERTION_2_LIFECYCLE_COVERAGE_INCOMPLETE;VERDICT_CANDIDATE_RELEVANT_GAP;VERDICT_FLOW_NOT_PROVEN;VERDICT_GROWTH_NOT_VERIFIED;VERDICT_REACHABILITY_NOT_PROVEN;VERDICT_UNRESOLVED_EVIDENCE,static_unknown_not_formal_positive,,,unresolved
family:de1150c1c9b50b4d9974aa7b,jetlinks/jetlinks-community,resource:85d1d95bde335aaaaba773ee,static_unknown,family:de1150c1c9b50b4d9974aa7b;finding:cc41c4dcf2655e08325a35ae;certificate:7bfb2c1241f38ed5edf113bf;growth:7e47a3dbff927f66615abe45;entry:403a5138bb008fb7d38d70f5,A1_REACHABILITY_UNKNOWN;A2_REACHABILITY_UNKNOWN;FLOW_GROWTH_NOT_VERIFIED;GROWTH_COVERAGE_INCOMPLETE;LIFECYCLE_PREMISE_UNRESOLVED;VERDICT_ASSERTION_1_LIFECYCLE_COVERAGE_INCOMPLETE;VERDICT_ASSERTION_2_LIFECYCLE_COVERAGE_INCOMPLETE;VERDICT_CANDIDATE_RELEVANT_GAP;VERDICT_FLOW_NOT_PROVEN;VERDICT_GROWTH_NOT_VERIFIED;VERDICT_REACHABILITY_NOT_PROVEN;VERDICT_UNRESOLVED_EVIDENCE,static_unknown_not_formal_positive,,,unresolved
family:5b53eac5c3f2222cc1a24110,openzipkin/zipkin,resource:3533774f87a15858edf8931b,static_unknown,family:5b53eac5c3f2222cc1a24110;finding:f8e7db2d00a1215e90e8e113;certificate:99241a98538625beee52acf3;growth:a4de2f6a2feb0e8703e50080;entry:cc2d1ed1833123d2ab99a150,A1_REACHABILITY_UNKNOWN;A2_REACHABILITY_UNKNOWN;FLOW_GROWTH_NOT_VERIFIED;GROWTH_COVERAGE_INCOMPLETE;LIFECYCLE_PREMISE_UNRESOLVED;VERDICT_ASSERTION_1_LIFECYCLE_COVERAGE_INCOMPLETE;VERDICT_ASSERTION_2_LIFECYCLE_COVERAGE_INCOMPLETE;VERDICT_CANDIDATE_RELEVANT_GAP;VERDICT_FLOW_NOT_PROVEN;VERDICT_GROWTH_NOT_VERIFIED;VERDICT_REACHABILITY_NOT_PROVEN;VERDICT_UNRESOLVED_EVIDENCE,static_unknown_not_formal_positive,,,unresolved
family:d920b4cac0fa49ff0ba684ff,powerjob/powerjob,resource:74da52a83db1a7dd2ec845df,static_unknown,family:d920b4cac0fa49ff0ba684ff;finding:e513210b205567be34e37c1c;certificate:db2e0cea740cf864db769de2;growth:d4a88661232726b937a35c2f;entry:040ebd1e8d806f2e6ef41b63,A1_REACHABILITY_UNKNOWN;A2_REACHABILITY_UNKNOWN;BOUND_COVERAGE_UNKNOWN;GUARD_COVERAGE_UNKNOWN;RELEASE_COVERAGE_UNKNOWN;VERDICT_ASSERTION_1_LIFECYCLE_COVERAGE_INCOMPLETE;VERDICT_ASSERTION_2_LIFECYCLE_COVERAGE_INCOMPLETE;VERDICT_REACHABILITY_NOT_PROVEN;VERDICT_UNRESOLVED_EVIDENCE,static_unknown_not_formal_positive,,,unresolved
family:4f4e679473ca44c017a1789c,prestodb/presto,resource:c4f04b6aba8a87c100c2fd9c,static_unknown,family:4f4e679473ca44c017a1789c;finding:ec3151dcb8b74b96c3c0bf6d;certificate:1fa58289c2f055625da64d5e;growth:5326fa2224535bfdd89d6e55;entry:bb0fda272a52b6b29a801f9d,A1_REACHABILITY_UNKNOWN;A2_REACHABILITY_UNKNOWN;FLOW_GROWTH_NOT_VERIFIED;GROWTH_COVERAGE_INCOMPLETE;LIFECYCLE_PREMISE_UNRESOLVED;VERDICT_ASSERTION_1_LIFECYCLE_COVERAGE_INCOMPLETE;VERDICT_ASSERTION_2_LIFECYCLE_COVERAGE_INCOMPLETE;VERDICT_CANDIDATE_RELEVANT_GAP;VERDICT_FLOW_NOT_PROVEN;VERDICT_GROWTH_NOT_VERIFIED;VERDICT_REACHABILITY_NOT_PROVEN;VERDICT_UNRESOLVED_EVIDENCE,static_unknown_not_formal_positive,,,unresolved
family:a96affcd37c535c6226c5111,prestodb/presto,resource:572a3bff1e43b16d86f2a555,static_unknown,family:a96affcd37c535c6226c5111;finding:8744487d6b17695489d69cb0;certificate:17ec3c2393c3e3fe76a9b444;growth:2b219c7e8e6d842e16b8d664;entry:d8a0d52c408480d4a1fd308a,A1_REACHABILITY_UNKNOWN;A2_REACHABILITY_UNKNOWN;FLOW_GROWTH_NOT_VERIFIED;GROWTH_COVERAGE_INCOMPLETE;LIFECYCLE_PREMISE_UNRESOLVED;VERDICT_ASSERTION_1_LIFECYCLE_COVERAGE_INCOMPLETE;VERDICT_ASSERTION_2_LIFECYCLE_COVERAGE_INCOMPLETE;VERDICT_CANDIDATE_RELEVANT_GAP;VERDICT_FLOW_NOT_PROVEN;VERDICT_GROWTH_NOT_VERIFIED;VERDICT_REACHABILITY_NOT_PROVEN;VERDICT_UNRESOLVED_EVIDENCE,static_unknown_not_formal_positive,,,unresolved
family:f285a1a8a2d295eeb0a369ab,prestodb/presto,resource:84951191db258c5896859610,static_unknown,family:f285a1a8a2d295eeb0a369ab;finding:f96517ab3ab3b06bc6a0222e;certificate:1416d791811eeb792d7745de;growth:7c1634805afc812ebd9f8b38;entry:d8a0d52c408480d4a1fd308a,A1_REACHABILITY_UNKNOWN;A2_REACHABILITY_UNKNOWN;FLOW_GROWTH_NOT_VERIFIED;GROWTH_COVERAGE_INCOMPLETE;LIFECYCLE_PREMISE_UNRESOLVED;VERDICT_ASSERTION_1_LIFECYCLE_COVERAGE_INCOMPLETE;VERDICT_ASSERTION_2_LIFECYCLE_COVERAGE_INCOMPLETE;VERDICT_CANDIDATE_RELEVANT_GAP;VERDICT_FLOW_NOT_PROVEN;VERDICT_GROWTH_NOT_VERIFIED;VERDICT_REACHABILITY_NOT_PROVEN;VERDICT_UNRESOLVED_EVIDENCE,static_unknown_not_formal_positive,,,unresolved
family:f8e7fef540d1455e26f80d94,prestodb/presto,resource:c4f04b6aba8a87c100c2fd9c,static_unknown,family:f8e7fef540d1455e26f80d94;finding:e53af7c2530076e5511504e4;certificate:bb989c68a86270ff92a2d38d;growth:cd780440c338971f5ee3434a;entry:d681479debcf0b8571a530ec,A1_REACHABILITY_UNKNOWN;A2_REACHABILITY_UNKNOWN;FLOW_GROWTH_NOT_VERIFIED;GROWTH_COVERAGE_INCOMPLETE;LIFECYCLE_PREMISE_UNRESOLVED;VERDICT_ASSERTION_1_LIFECYCLE_COVERAGE_INCOMPLETE;VERDICT_ASSERTION_2_LIFECYCLE_COVERAGE_INCOMPLETE;VERDICT_CANDIDATE_RELEVANT_GAP;VERDICT_FLOW_NOT_PROVEN;VERDICT_GROWTH_NOT_VERIFIED;VERDICT_REACHABILITY_NOT_PROVEN;VERDICT_UNRESOLVED_EVIDENCE,static_unknown_not_formal_positive,,,unresolved
family:1a94d1fea45a9d4820ae9084,thingsboard/thingsboard,resource:52c1b872fad3bae864e2bd13,static_unknown,family:1a94d1fea45a9d4820ae9084;finding:fefef5369dd699a8e7b0a87e;certificate:b40ec7dd842a498550f51b0c;growth:b9ae9e1bb2da4261697c4795;entry:834fc6c4b32553474837b46b,A1_GUARD_UNKNOWN;A2_NONPERSISTENT_DEMAND;BOUND_COVERAGE_UNKNOWN;GUARD_COVERAGE_UNKNOWN;RELEASE_COVERAGE_UNKNOWN;VERDICT_ASSERTION_1_LIFECYCLE_COVERAGE_INCOMPLETE;VERDICT_UNRESOLVED_EVIDENCE,static_unknown_not_formal_positive,,,unresolved
family:2804cc6ef042705c29046841,thingsboard/thingsboard,resource:5edd1f39dd3098dec8288cac,static_unknown,family:2804cc6ef042705c29046841;finding:88423b8a035a5b921cbd7c57;certificate:e8179e9866949ce78b85be4a;growth:568d4b03dbb4e081394de3ed;entry:68123b36427e00475a0dd6a9,A1_GUARD_UNKNOWN;A2_NONPERSISTENT_DEMAND;BOUND_COVERAGE_UNKNOWN;GUARD_COVERAGE_UNKNOWN;RELEASE_COVERAGE_UNKNOWN;VERDICT_ASSERTION_1_LIFECYCLE_COVERAGE_INCOMPLETE;VERDICT_UNRESOLVED_EVIDENCE,static_unknown_not_formal_positive,,,unresolved
family:35d5c8129c7c5f48ababfc1a,thingsboard/thingsboard,resource:5e9480224c6dec495bfd1d0b,static_unknown,family:35d5c8129c7c5f48ababfc1a;finding:23d18a075bba847d6df0deb3;certificate:f632385dcdb99d13e1eea733;growth:7a8308a44271c122359df67d;entry:6301224c4f0aee8bb55eca76,A1_REACHABILITY_UNKNOWN;A2_REACHABILITY_UNKNOWN;BOUND_COVERAGE_UNKNOWN;GUARD_COVERAGE_UNKNOWN;RELEASE_COVERAGE_UNKNOWN;VERDICT_ASSERTION_1_LIFECYCLE_COVERAGE_INCOMPLETE;VERDICT_ASSERTION_2_LIFECYCLE_COVERAGE_INCOMPLETE;VERDICT_REACHABILITY_NOT_PROVEN;VERDICT_UNRESOLVED_EVIDENCE,static_unknown_not_formal_positive,,,unresolved
family:443d5e285aaa28330a3448b6,thingsboard/thingsboard,resource:c9d37719d500eb75aebf0dad,static_unknown,family:443d5e285aaa28330a3448b6;finding:52f33b3d124dba76a7687c4b;certificate:450e1e6427b2e9b24442a02d;growth:c7a77537ff5788030aed40c7;entry:40c66f84496d7da047bcb760,A1_GUARD_UNKNOWN;A2_NONPERSISTENT_DEMAND;BOUND_COVERAGE_UNKNOWN;GUARD_COVERAGE_UNKNOWN;RELEASE_COVERAGE_UNKNOWN;VERDICT_ASSERTION_1_LIFECYCLE_COVERAGE_INCOMPLETE;VERDICT_UNRESOLVED_EVIDENCE,static_unknown_not_formal_positive,,,unresolved
family:4a1520b55b49e6d96764a5ef,thingsboard/thingsboard,resource:8b0355971d949d7c25e28143,static_unknown,family:4a1520b55b49e6d96764a5ef;finding:84da44f653b2e223a10ebd77;certificate:870dda104b9c4b15091be135;growth:9076f59b9c7d4c71ad409c9e;entry:56eb44ed941602a3dd8f2738,A1_GUARD_UNKNOWN;A2_NONPERSISTENT_DEMAND;BOUND_COVERAGE_UNKNOWN;GUARD_COVERAGE_UNKNOWN;RELEASE_COVERAGE_UNKNOWN;VERDICT_ASSERTION_1_LIFECYCLE_COVERAGE_INCOMPLETE;VERDICT_UNRESOLVED_EVIDENCE,static_unknown_not_formal_positive,,,unresolved
family:506a538a26b5000f297085c0,thingsboard/thingsboard,resource:2bfb5f18ce61b9e6767142b7,static_unknown,family:506a538a26b5000f297085c0;finding:dffce998834dea55cf49a899;certificate:6063309d3c57b0a8aaf840a3;growth:de8002d9fd97a39b162a7577;entry:0ef01dd01dc966b79cbe3118,A1_GUARD_UNKNOWN;A2_NONPERSISTENT_DEMAND;BOUND_COVERAGE_UNKNOWN;GUARD_COVERAGE_UNKNOWN;RELEASE_COVERAGE_UNKNOWN;VERDICT_ASSERTION_1_LIFECYCLE_COVERAGE_INCOMPLETE;VERDICT_UNRESOLVED_EVIDENCE,static_unknown_not_formal_positive,,,unresolved
family:55285902dde60d8cfb5fa1e5,thingsboard/thingsboard,resource:bf07ce1fad3c314930369b0a,static_unknown,family:55285902dde60d8cfb5fa1e5;finding:629be75bffae7d006f38bc8d;certificate:899395eefdfbd3e36b345142;growth:85b0b49f5aea8f4a29e194f5;entry:96fdd86ad82a87be1004f040,A1_REACHABILITY_UNKNOWN;A2_REACHABILITY_UNKNOWN;BOUND_COVERAGE_UNKNOWN;GUARD_COVERAGE_UNKNOWN;RELEASE_COVERAGE_UNKNOWN;VERDICT_ASSERTION_1_LIFECYCLE_COVERAGE_INCOMPLETE;VERDICT_ASSERTION_2_LIFECYCLE_COVERAGE_INCOMPLETE;VERDICT_REACHABILITY_NOT_PROVEN;VERDICT_UNRESOLVED_EVIDENCE,static_unknown_not_formal_positive,,,unresolved
family:64ef59e10c44044916805e77,thingsboard/thingsboard,resource:9949108922cff851f70a8357,static_unknown,family:64ef59e10c44044916805e77;finding:b89fdf8541396f7cbcf142e0;certificate:4b2ae7358f2d63f7fb778b60;growth:6e61675c2b6e8b6b9529df6e;entry:2e48ac80009614d5609d74f2,A1_REACHABILITY_UNKNOWN;A2_REACHABILITY_UNKNOWN;BOUND_COVERAGE_UNKNOWN;GUARD_COVERAGE_UNKNOWN;RELEASE_COVERAGE_UNKNOWN;VERDICT_ASSERTION_1_LIFECYCLE_COVERAGE_INCOMPLETE;VERDICT_ASSERTION_2_LIFECYCLE_COVERAGE_INCOMPLETE;VERDICT_REACHABILITY_NOT_PROVEN;VERDICT_UNRESOLVED_EVIDENCE,static_unknown_not_formal_positive,,,unresolved
family:6f17147d08e860563bd1b9a4,thingsboard/thingsboard,resource:8e73da92566c8fc37a447125,static_unknown,family:6f17147d08e860563bd1b9a4;finding:270286de95297956797c3041;certificate:f23561ade7e556afad62be5f;growth:9ba56c1e1f5ef8b5da210b3d;entry:2ac6ce43036f91a973937029,A1_GUARD_UNKNOWN;A2_NONPERSISTENT_DEMAND;BOUND_COVERAGE_UNKNOWN;GUARD_COVERAGE_UNKNOWN;RELEASE_COVERAGE_UNKNOWN;VERDICT_ASSERTION_1_LIFECYCLE_COVERAGE_INCOMPLETE;VERDICT_UNRESOLVED_EVIDENCE,static_unknown_not_formal_positive,,,unresolved
family:75134c748d002607c3ae4e4d,thingsboard/thingsboard,resource:800933ef310626cc122ef64a,static_unknown,family:75134c748d002607c3ae4e4d;finding:37b71a3dd94acdda7e102ecd;certificate:25b5df0784c34ce482cccbfc;growth:1fc5730aab0adc840ed36b06;entry:6f8a06f315fdc2d2c78799d3,A1_GUARD_UNKNOWN;A2_NONPERSISTENT_DEMAND;BOUND_COVERAGE_UNKNOWN;GUARD_COVERAGE_UNKNOWN;RELEASE_COVERAGE_UNKNOWN;VERDICT_ASSERTION_1_LIFECYCLE_COVERAGE_INCOMPLETE;VERDICT_UNRESOLVED_EVIDENCE,static_unknown_not_formal_positive,,,unresolved
family:7fa58d6e8cee6d0a05fef2ec,thingsboard/thingsboard,resource:f914cb0df63f23904c9b2e80,static_unknown,family:7fa58d6e8cee6d0a05fef2ec;finding:add31a54532bbe21d25b8243;certificate:30b084534e615b744982a42c;growth:1959fc5f847ae83cc6d0dfa4;entry:109d0f7b1e324f42c14e692b,A1_GUARD_UNKNOWN;A2_NONPERSISTENT_DEMAND;BOUND_COVERAGE_UNKNOWN;GUARD_COVERAGE_UNKNOWN;RELEASE_COVERAGE_UNKNOWN;VERDICT_ASSERTION_1_LIFECYCLE_COVERAGE_INCOMPLETE;VERDICT_UNRESOLVED_EVIDENCE,static_unknown_not_formal_positive,,,unresolved
family:823ae0f6d13b8c10f8062896,thingsboard/thingsboard,resource:63dcff09d2ef711aa887c107,static_unknown,family:823ae0f6d13b8c10f8062896;finding:4b8c5ea9b0aafd89dfcbce2c;certificate:32879d72f4f3d64757e6cc83;growth:51c0629c8399356783573053;entry:1c5b5e3fff802e7b601e9123,A1_REACHABILITY_UNKNOWN;A2_REACHABILITY_UNKNOWN;BOUND_COVERAGE_UNKNOWN;GUARD_COVERAGE_UNKNOWN;RELEASE_COVERAGE_UNKNOWN;VERDICT_ASSERTION_1_LIFECYCLE_COVERAGE_INCOMPLETE;VERDICT_ASSERTION_2_LIFECYCLE_COVERAGE_INCOMPLETE;VERDICT_REACHABILITY_NOT_PROVEN;VERDICT_UNRESOLVED_EVIDENCE,static_unknown_not_formal_positive,,,unresolved
family:bccb0f0fc685357e8facbd54,thingsboard/thingsboard,resource:f5d2a1b5552005524fd0d1d6,static_unknown,family:bccb0f0fc685357e8facbd54;finding:9f091a06138af200c14d487d;certificate:229a293401bf64b558216d0e;growth:cbda477ec2701608df532d02;entry:1072372575edf7241984d406,A1_REACHABILITY_UNKNOWN;A2_REACHABILITY_UNKNOWN;BOUND_COVERAGE_UNKNOWN;GUARD_COVERAGE_UNKNOWN;RELEASE_COVERAGE_UNKNOWN;VERDICT_ASSERTION_1_LIFECYCLE_COVERAGE_INCOMPLETE;VERDICT_ASSERTION_2_LIFECYCLE_COVERAGE_INCOMPLETE;VERDICT_REACHABILITY_NOT_PROVEN;VERDICT_UNRESOLVED_EVIDENCE,static_unknown_not_formal_positive,,,unresolved
family:be1eb3a8dddb303e0b0ff5bc,thingsboard/thingsboard,resource:5620e12e07535decf90d4ac4,static_unknown,family:be1eb3a8dddb303e0b0ff5bc;finding:98ac388ab282bd4fbd87005e;certificate:7149c61315d6e4c516432787;growth:293e452c180a2fe947ff9241;entry:7eeda66255aa13e600244971,A1_GUARD_UNKNOWN;A2_NONPERSISTENT_DEMAND;BOUND_COVERAGE_UNKNOWN;GUARD_COVERAGE_UNKNOWN;RELEASE_COVERAGE_UNKNOWN;VERDICT_ASSERTION_1_LIFECYCLE_COVERAGE_INCOMPLETE;VERDICT_UNRESOLVED_EVIDENCE,static_unknown_not_formal_positive,,,unresolved
family:d39ef431c42fd4e4aa41d9e1,thingsboard/thingsboard,resource:346dd696febdfaa0611d8092,static_unknown,family:d39ef431c42fd4e4aa41d9e1;finding:69b8337e5f878447f0a8ab8f;certificate:35774032821eab8917d81f1e;growth:428e0704476464502ed008bc;entry:951446918604a91cd2a40701,A1_GUARD_UNKNOWN;A2_NONPERSISTENT_DEMAND;BOUND_COVERAGE_UNKNOWN;GUARD_COVERAGE_UNKNOWN;RELEASE_COVERAGE_UNKNOWN;VERDICT_ASSERTION_1_LIFECYCLE_COVERAGE_INCOMPLETE;VERDICT_UNRESOLVED_EVIDENCE,static_unknown_not_formal_positive,,,unresolved
family:d6b0f75be6afc97e3e5ba1c2,thingsboard/thingsboard,resource:43a33fc5ba99427dae38b1c5,static_unknown,family:d6b0f75be6afc97e3e5ba1c2;finding:06bf11882da2ab5a5dab0fd4;certificate:6a70f8c0edfef11eba897d2d;growth:867158228e369ca873c7a0dd;entry:68c889f2f57ddbfa20e0e1d6,A1_GUARD_UNKNOWN;A2_NONPERSISTENT_DEMAND;BOUND_COVERAGE_UNKNOWN;GUARD_COVERAGE_UNKNOWN;RELEASE_COVERAGE_UNKNOWN;VERDICT_ASSERTION_1_LIFECYCLE_COVERAGE_INCOMPLETE;VERDICT_UNRESOLVED_EVIDENCE,static_unknown_not_formal_positive,,,unresolved
family:dfef84e58b89ed7f712005a3,thingsboard/thingsboard,resource:f6687a0506b130b7a3c54ce2,static_unknown,family:dfef84e58b89ed7f712005a3;finding:74a78cbf33af359fb0874320;certificate:e85756aa7e0cca934965fbc5;growth:6da675c7cca25d18425cd8e5;entry:2af4133457c09f7413d6f239,A1_GUARD_UNKNOWN;A2_NONPERSISTENT_DEMAND;BOUND_COVERAGE_UNKNOWN;GUARD_COVERAGE_UNKNOWN;RELEASE_COVERAGE_UNKNOWN;VERDICT_ASSERTION_1_LIFECYCLE_COVERAGE_INCOMPLETE;VERDICT_UNRESOLVED_EVIDENCE,static_unknown_not_formal_positive,,,unresolved
family:e1bf467be62c21071b1dfb12,thingsboard/thingsboard,resource:b3e4a8e7385d3a7ac3a16a52,static_unknown,family:e1bf467be62c21071b1dfb12;finding:27a44eba381d65b103f3ac7a;certificate:7479f617192d77f09dd1f47f;growth:862867e74b0d7813127242c8;entry:1d74492a612b5544c10e7917,A1_GUARD_UNKNOWN;A2_NONPERSISTENT_DEMAND;BOUND_COVERAGE_UNKNOWN;GUARD_COVERAGE_UNKNOWN;RELEASE_COVERAGE_UNKNOWN;VERDICT_ASSERTION_1_LIFECYCLE_COVERAGE_INCOMPLETE;VERDICT_UNRESOLVED_EVIDENCE,static_unknown_not_formal_positive,,,unresolved
family:ea6b1237208dd9fcf96919bd,thingsboard/thingsboard,resource:f4a9a5d69c385850067e7860,static_unknown,family:ea6b1237208dd9fcf96919bd;finding:283158ce2a6a8a73a45edc50;certificate:55cb02e57d88183757213a23;growth:491bdfea5d54a16983b5aa63;entry:47df22e549eddcfc653c4324,A1_REACHABILITY_UNKNOWN;A2_REACHABILITY_UNKNOWN;BOUND_COVERAGE_UNKNOWN;GUARD_COVERAGE_UNKNOWN;RELEASE_COVERAGE_UNKNOWN;VERDICT_ASSERTION_1_LIFECYCLE_COVERAGE_INCOMPLETE;VERDICT_ASSERTION_2_LIFECYCLE_COVERAGE_INCOMPLETE;VERDICT_REACHABILITY_NOT_PROVEN;VERDICT_UNRESOLVED_EVIDENCE,static_unknown_not_formal_positive,,,unresolved
family:103152021d93ba64d6f5609e,tianshiyeben/wgcloud,resource:a262c5a209ad5629bb1f4669,static_unknown,family:103152021d93ba64d6f5609e;finding:a1f7016cb2bf942cb269f37b;certificate:2edda8b9cdaddae58e93195c;growth:102f7a758690286f950ac13e;entry:f6228d00177278510302bcbf,A1_REACHABILITY_UNKNOWN;A2_REACHABILITY_UNKNOWN;FLOW_GROWTH_NOT_VERIFIED;GROWTH_COVERAGE_INCOMPLETE;LIFECYCLE_PREMISE_UNRESOLVED;VERDICT_ASSERTION_1_LIFECYCLE_COVERAGE_INCOMPLETE;VERDICT_ASSERTION_2_LIFECYCLE_COVERAGE_INCOMPLETE;VERDICT_CANDIDATE_RELEVANT_GAP;VERDICT_FLOW_NOT_PROVEN;VERDICT_GROWTH_NOT_VERIFIED;VERDICT_REACHABILITY_NOT_PROVEN;VERDICT_UNRESOLVED_EVIDENCE,static_unknown_not_formal_positive,,,unresolved
family:20ce4008b374375db78cd37c,tianshiyeben/wgcloud,resource:2279978020a9563ffce31915,static_unknown,family:20ce4008b374375db78cd37c;finding:49c3a7f31ec6045dcc3a1349;certificate:fd1f01775d05407f728e8829;growth:50d888d16d30360814c7af49;entry:f6228d00177278510302bcbf,A1_REACHABILITY_UNKNOWN;A2_REACHABILITY_UNKNOWN;FLOW_GROWTH_NOT_VERIFIED;GROWTH_COVERAGE_INCOMPLETE;LIFECYCLE_PREMISE_UNRESOLVED;VERDICT_ASSERTION_1_LIFECYCLE_COVERAGE_INCOMPLETE;VERDICT_ASSERTION_2_LIFECYCLE_COVERAGE_INCOMPLETE;VERDICT_CANDIDATE_RELEVANT_GAP;VERDICT_FLOW_NOT_PROVEN;VERDICT_GROWTH_NOT_VERIFIED;VERDICT_REACHABILITY_NOT_PROVEN;VERDICT_UNRESOLVED_EVIDENCE,static_unknown_not_formal_positive,,,unresolved
family:2d1540f2ca14f3683ea2490a,tianshiyeben/wgcloud,resource:a83fad806f29a490c209eca1,static_unknown,family:2d1540f2ca14f3683ea2490a;finding:8f1a530dd7434305df58c323;certificate:9c14727f879802eac7c5ac16;certificate:dc484a24a209e79d5c2d2a67;growth:1e66e5dd0a232cb73553caa4;growth:94362fdb00fc38ded55dbdbc;entry:f6228d00177278510302bcbf,A1_REACHABILITY_UNKNOWN;A2_REACHABILITY_UNKNOWN;FLOW_GROWTH_NOT_VERIFIED;GROWTH_COVERAGE_INCOMPLETE;LIFECYCLE_PREMISE_UNRESOLVED;VERDICT_ASSERTION_1_LIFECYCLE_COVERAGE_INCOMPLETE;VERDICT_ASSERTION_2_LIFECYCLE_COVERAGE_INCOMPLETE;VERDICT_CANDIDATE_RELEVANT_GAP;VERDICT_FLOW_NOT_PROVEN;VERDICT_GROWTH_NOT_VERIFIED;VERDICT_REACHABILITY_NOT_PROVEN;VERDICT_UNRESOLVED_EVIDENCE,static_unknown_not_formal_positive,,,unresolved
family:2d4783579965466e36c0e81a,tianshiyeben/wgcloud,resource:a0c0df939695307e2883789a,static_unknown,family:2d4783579965466e36c0e81a;finding:69a335f19e3ca5df95237b10;certificate:151a7d51546ec88a7e5b0dae;growth:bbea3b25c2c4778f0350b704;entry:f6228d00177278510302bcbf,A1_REACHABILITY_UNKNOWN;A2_REACHABILITY_UNKNOWN;FLOW_GROWTH_NOT_VERIFIED;GROWTH_COVERAGE_INCOMPLETE;LIFECYCLE_PREMISE_UNRESOLVED;VERDICT_ASSERTION_1_LIFECYCLE_COVERAGE_INCOMPLETE;VERDICT_ASSERTION_2_LIFECYCLE_COVERAGE_INCOMPLETE;VERDICT_CANDIDATE_RELEVANT_GAP;VERDICT_FLOW_NOT_PROVEN;VERDICT_GROWTH_NOT_VERIFIED;VERDICT_REACHABILITY_NOT_PROVEN;VERDICT_UNRESOLVED_EVIDENCE,static_unknown_not_formal_positive,,,unresolved
family:35a82613e149b5b348c07464,tianshiyeben/wgcloud,resource:78d3a5c97e2a798e478f2051,static_unknown,family:35a82613e149b5b348c07464;finding:bdaec6c9fcf0abbbe89f10c8;certificate:f88d9c777cbc717a109fe091;growth:c4d41bb396e2cdd5ebae0a79;entry:f6228d00177278510302bcbf,A1_REACHABILITY_UNKNOWN;A2_REACHABILITY_UNKNOWN;FLOW_GROWTH_NOT_VERIFIED;GROWTH_COVERAGE_INCOMPLETE;LIFECYCLE_PREMISE_UNRESOLVED;VERDICT_ASSERTION_1_LIFECYCLE_COVERAGE_INCOMPLETE;VERDICT_ASSERTION_2_LIFECYCLE_COVERAGE_INCOMPLETE;VERDICT_CANDIDATE_RELEVANT_GAP;VERDICT_FLOW_NOT_PROVEN;VERDICT_GROWTH_NOT_VERIFIED;VERDICT_REACHABILITY_NOT_PROVEN;VERDICT_UNRESOLVED_EVIDENCE,static_unknown_not_formal_positive,,,unresolved
family:39a401d1d0447aff82476a12,tianshiyeben/wgcloud,resource:b540eded1bd282da7a89e6cb,static_unknown,family:39a401d1d0447aff82476a12;finding:44874c735997ec400f81611c;certificate:52a3d7b6531cadbc0e8afd28;growth:4ef8d9bf670305ade6adec70;entry:f6228d00177278510302bcbf,A1_REACHABILITY_UNKNOWN;A2_REACHABILITY_UNKNOWN;FLOW_GROWTH_NOT_VERIFIED;GROWTH_COVERAGE_INCOMPLETE;LIFECYCLE_PREMISE_UNRESOLVED;VERDICT_ASSERTION_1_LIFECYCLE_COVERAGE_INCOMPLETE;VERDICT_ASSERTION_2_LIFECYCLE_COVERAGE_INCOMPLETE;VERDICT_CANDIDATE_RELEVANT_GAP;VERDICT_FLOW_NOT_PROVEN;VERDICT_GROWTH_NOT_VERIFIED;VERDICT_REACHABILITY_NOT_PROVEN;VERDICT_UNRESOLVED_EVIDENCE,static_unknown_not_formal_positive,,,unresolved
family:432fb0ff76b0732dd1304e02,tianshiyeben/wgcloud,resource:144377c294c39e1ff666c0a4,static_unknown,family:432fb0ff76b0732dd1304e02;finding:95c69351b0acd0716c2ab241;certificate:72ade038f5b6e84e8d429611;growth:d7c94a62f700419b84d3d6cc;entry:f6228d00177278510302bcbf,A1_REACHABILITY_UNKNOWN;A2_REACHABILITY_UNKNOWN;FLOW_GROWTH_NOT_VERIFIED;GROWTH_COVERAGE_INCOMPLETE;LIFECYCLE_PREMISE_UNRESOLVED;VERDICT_ASSERTION_1_LIFECYCLE_COVERAGE_INCOMPLETE;VERDICT_ASSERTION_2_LIFECYCLE_COVERAGE_INCOMPLETE;VERDICT_CANDIDATE_RELEVANT_GAP;VERDICT_FLOW_NOT_PROVEN;VERDICT_GROWTH_NOT_VERIFIED;VERDICT_REACHABILITY_NOT_PROVEN;VERDICT_UNRESOLVED_EVIDENCE,static_unknown_not_formal_positive,,,unresolved
family:4c9938d524e931b03694829c,tianshiyeben/wgcloud,resource:ff95016a3345a58e87b4d60c,static_unknown,family:4c9938d524e931b03694829c;finding:0871e465576adf85cf80feba;certificate:832a7ebd6021ca6bf2e47476;growth:f14be26df594ee61af9caabc;entry:e5f14d44615b40fc386d600a,A1_REACHABILITY_UNKNOWN;A2_REACHABILITY_UNKNOWN;FLOW_GROWTH_NOT_VERIFIED;GROWTH_NOT_DOS_RELEVANT;LIFECYCLE_PREMISE_UNRESOLVED;VERDICT_ASSERTION_1_LIFECYCLE_COVERAGE_INCOMPLETE;VERDICT_ASSERTION_2_LIFECYCLE_COVERAGE_INCOMPLETE;VERDICT_FLOW_NOT_PROVEN;VERDICT_GROWTH_NOT_VERIFIED;VERDICT_REACHABILITY_NOT_PROVEN;VERDICT_UNRESOLVED_EVIDENCE,static_unknown_not_formal_positive,,,unresolved
family:53823fd80cf67d6bb157dece,tianshiyeben/wgcloud,resource:40e77926c4510d1ee7ff7bb5,static_unknown,family:53823fd80cf67d6bb157dece;finding:00723428b75b1ee52c06de6a;certificate:914ef6b0d5636bca763e9399;growth:2eeddbe96d724bba1f5be9e1;entry:f6228d00177278510302bcbf,A1_REACHABILITY_UNKNOWN;A2_REACHABILITY_UNKNOWN;FLOW_GROWTH_NOT_VERIFIED;GROWTH_COVERAGE_INCOMPLETE;LIFECYCLE_PREMISE_UNRESOLVED;VERDICT_ASSERTION_1_LIFECYCLE_COVERAGE_INCOMPLETE;VERDICT_ASSERTION_2_LIFECYCLE_COVERAGE_INCOMPLETE;VERDICT_CANDIDATE_RELEVANT_GAP;VERDICT_FLOW_NOT_PROVEN;VERDICT_GROWTH_NOT_VERIFIED;VERDICT_REACHABILITY_NOT_PROVEN;VERDICT_UNRESOLVED_EVIDENCE,static_unknown_not_formal_positive,,,unresolved
family:92abbec936af892b63268e83,tianshiyeben/wgcloud,resource:0e83b33b175960013f077c41,static_unknown,family:92abbec936af892b63268e83;finding:2a6c8f91ec25169ade16ff0d;certificate:13a39fbb57f098ecafc040de;growth:f1bf55991180552e343b8545;entry:f6228d00177278510302bcbf,A1_REACHABILITY_UNKNOWN;A2_REACHABILITY_UNKNOWN;FLOW_GROWTH_NOT_VERIFIED;GROWTH_COVERAGE_INCOMPLETE;LIFECYCLE_PREMISE_UNRESOLVED;VERDICT_ASSERTION_1_LIFECYCLE_COVERAGE_INCOMPLETE;VERDICT_ASSERTION_2_LIFECYCLE_COVERAGE_INCOMPLETE;VERDICT_CANDIDATE_RELEVANT_GAP;VERDICT_FLOW_NOT_PROVEN;VERDICT_GROWTH_NOT_VERIFIED;VERDICT_REACHABILITY_NOT_PROVEN;VERDICT_UNRESOLVED_EVIDENCE,static_unknown_not_formal_positive,,,unresolved
family:abec3ea8040b59faf14b2caa,tianshiyeben/wgcloud,resource:94097c6843b007a8777302aa,static_unknown,family:abec3ea8040b59faf14b2caa;finding:746e3a41875815dd5961e7e5;certificate:ae57d2b1940fa530e2013cdb;growth:910910eab41df30cced3e867;entry:f6228d00177278510302bcbf,A1_REACHABILITY_UNKNOWN;A2_REACHABILITY_UNKNOWN;FLOW_GROWTH_NOT_VERIFIED;GROWTH_COVERAGE_INCOMPLETE;LIFECYCLE_PREMISE_UNRESOLVED;VERDICT_ASSERTION_1_LIFECYCLE_COVERAGE_INCOMPLETE;VERDICT_ASSERTION_2_LIFECYCLE_COVERAGE_INCOMPLETE;VERDICT_CANDIDATE_RELEVANT_GAP;VERDICT_FLOW_NOT_PROVEN;VERDICT_GROWTH_NOT_VERIFIED;VERDICT_REACHABILITY_NOT_PROVEN;VERDICT_UNRESOLVED_EVIDENCE,static_unknown_not_formal_positive,,,unresolved
family:cc9e7faf6f895da4fd798aae,tianshiyeben/wgcloud,resource:673379b0aee3bcc42e45a1f3,static_unknown,family:cc9e7faf6f895da4fd798aae;finding:129c1033ced455aad1c68174;certificate:731702197dcd350cdb51469a;certificate:f71c7d4f8487eaa353c5cf05;growth:564bfa7fed63c111e6b248e2;growth:efce6412e5b0b2349f747816;entry:f6228d00177278510302bcbf,A1_REACHABILITY_UNKNOWN;A2_REACHABILITY_UNKNOWN;FLOW_GROWTH_NOT_VERIFIED;GROWTH_COVERAGE_INCOMPLETE;LIFECYCLE_PREMISE_UNRESOLVED;VERDICT_ASSERTION_1_LIFECYCLE_COVERAGE_INCOMPLETE;VERDICT_ASSERTION_2_LIFECYCLE_COVERAGE_INCOMPLETE;VERDICT_CANDIDATE_RELEVANT_GAP;VERDICT_FLOW_NOT_PROVEN;VERDICT_GROWTH_NOT_VERIFIED;VERDICT_REACHABILITY_NOT_PROVEN;VERDICT_UNRESOLVED_EVIDENCE,static_unknown_not_formal_positive,,,unresolved
family:dee9d1480831de5d6f40c8a0,tianshiyeben/wgcloud,resource:8f4eb43028e7bacc3865ff37,static_unknown,family:dee9d1480831de5d6f40c8a0;finding:0ecd94d3c538c4d7e59ee843;certificate:25924b7b976efe9cf4f54605;growth:fbc15d19d3f2ff456e4e8d6f;entry:f6228d00177278510302bcbf,A1_REACHABILITY_UNKNOWN;A2_REACHABILITY_UNKNOWN;FLOW_GROWTH_NOT_VERIFIED;GROWTH_DOS_RELEVANCE_UNKNOWN;LIFECYCLE_PREMISE_UNRESOLVED;VERDICT_ASSERTION_1_LIFECYCLE_COVERAGE_INCOMPLETE;VERDICT_ASSERTION_2_LIFECYCLE_COVERAGE_INCOMPLETE;VERDICT_FLOW_NOT_PROVEN;VERDICT_GROWTH_NOT_VERIFIED;VERDICT_REACHABILITY_NOT_PROVEN;VERDICT_UNRESOLVED_EVIDENCE,static_unknown_not_formal_positive,,,unresolved
family:0299c180013f7b1fd2691c85,walmartlabs/concord,resource:a47cb6285e574df5b7631624,static_unknown,family:0299c180013f7b1fd2691c85;finding:0fd263bc141bf1eae0ab3bba;certificate:5036bd8b98619ce324ea021e;growth:1f04ac3337d6f3da5f59476e;entry:7a3f79d15e6968f31a683a3e,A1_REACHABILITY_UNKNOWN;A2_REACHABILITY_UNKNOWN;FLOW_GROWTH_NOT_VERIFIED;GROWTH_COVERAGE_INCOMPLETE;LIFECYCLE_PREMISE_UNRESOLVED;VERDICT_ASSERTION_1_LIFECYCLE_COVERAGE_INCOMPLETE;VERDICT_ASSERTION_2_LIFECYCLE_COVERAGE_INCOMPLETE;VERDICT_CANDIDATE_RELEVANT_GAP;VERDICT_FLOW_NOT_PROVEN;VERDICT_GROWTH_NOT_VERIFIED;VERDICT_REACHABILITY_NOT_PROVEN;VERDICT_UNRESOLVED_EVIDENCE,static_unknown_not_formal_positive,,,unresolved
family:25526e1684d0fb827477a1b6,walmartlabs/concord,resource:49daa48febe178e5fcca5986,static_unknown,family:25526e1684d0fb827477a1b6;finding:03876e2c070589bdfd4c3e6c;certificate:4481b9cbe81770ef023949e4;growth:d5f910086870573a1b21f5cf;entry:ccf24462795fa669c9bd852b,A1_REACHABILITY_UNKNOWN;A2_REACHABILITY_UNKNOWN;FLOW_GROWTH_NOT_VERIFIED;GROWTH_COVERAGE_INCOMPLETE;LIFECYCLE_PREMISE_UNRESOLVED;VERDICT_ASSERTION_1_LIFECYCLE_COVERAGE_INCOMPLETE;VERDICT_ASSERTION_2_LIFECYCLE_COVERAGE_INCOMPLETE;VERDICT_CANDIDATE_RELEVANT_GAP;VERDICT_FLOW_NOT_PROVEN;VERDICT_GROWTH_NOT_VERIFIED;VERDICT_REACHABILITY_NOT_PROVEN;VERDICT_UNRESOLVED_EVIDENCE,static_unknown_not_formal_positive,,,unresolved
family:2715b8323398c4563e1de6fd,walmartlabs/concord,resource:38a7334f409324802f389f5e,static_unknown,family:2715b8323398c4563e1de6fd;finding:b2d8045d59436704c9b97526;certificate:efc96cf65892ef152acc9cdc;growth:5f08ecabe8e865a08ba5d418;entry:676c6272d631e9d8481d23d3,A1_REACHABILITY_UNKNOWN;A2_REACHABILITY_UNKNOWN;FLOW_GROWTH_NOT_VERIFIED;GROWTH_COVERAGE_INCOMPLETE;LIFECYCLE_PREMISE_UNRESOLVED;VERDICT_ASSERTION_1_LIFECYCLE_COVERAGE_INCOMPLETE;VERDICT_ASSERTION_2_LIFECYCLE_COVERAGE_INCOMPLETE;VERDICT_CANDIDATE_RELEVANT_GAP;VERDICT_FLOW_NOT_PROVEN;VERDICT_GROWTH_NOT_VERIFIED;VERDICT_REACHABILITY_NOT_PROVEN;VERDICT_UNRESOLVED_EVIDENCE,static_unknown_not_formal_positive,,,unresolved
family:2e03b276ad8eafa5ccf29894,walmartlabs/concord,resource:424f5a9cfa752dce01f2bbb3,static_unknown,family:2e03b276ad8eafa5ccf29894;finding:14b266c49a803ee1024c1089;certificate:8ca71b383b369e9d3230778c;growth:93e44b2a3d0738d48a483f58;entry:5b91a4427afee872197e3a8f,A1_REACHABILITY_UNKNOWN;A2_REACHABILITY_UNKNOWN;FLOW_GROWTH_NOT_VERIFIED;GROWTH_COVERAGE_INCOMPLETE;LIFECYCLE_PREMISE_UNRESOLVED;VERDICT_ASSERTION_1_LIFECYCLE_COVERAGE_INCOMPLETE;VERDICT_ASSERTION_2_LIFECYCLE_COVERAGE_INCOMPLETE;VERDICT_CANDIDATE_RELEVANT_GAP;VERDICT_FLOW_NOT_PROVEN;VERDICT_GROWTH_NOT_VERIFIED;VERDICT_REACHABILITY_NOT_PROVEN;VERDICT_UNRESOLVED_EVIDENCE,static_unknown_not_formal_positive,,,unresolved
family:33b88ec37d1644577d853ea2,walmartlabs/concord,resource:b858e4a87467b8d86b97967e,static_unknown,family:33b88ec37d1644577d853ea2;finding:86bc63138d48d8602a5c1e99;certificate:fa46ac86179df1db00bb5473;growth:226f97302c23d3be56731d0f;entry:0a088f377c5d2e5364156a13,A1_REACHABILITY_UNKNOWN;A2_REACHABILITY_UNKNOWN;FLOW_GROWTH_NOT_VERIFIED;GROWTH_COVERAGE_INCOMPLETE;LIFECYCLE_PREMISE_UNRESOLVED;VERDICT_ASSERTION_1_LIFECYCLE_COVERAGE_INCOMPLETE;VERDICT_ASSERTION_2_LIFECYCLE_COVERAGE_INCOMPLETE;VERDICT_CANDIDATE_RELEVANT_GAP;VERDICT_FLOW_NOT_PROVEN;VERDICT_GROWTH_NOT_VERIFIED;VERDICT_REACHABILITY_NOT_PROVEN;VERDICT_UNRESOLVED_EVIDENCE,static_unknown_not_formal_positive,,,unresolved
family:53966488c41d7dc381b822db,walmartlabs/concord,resource:a12adb02c29a807b93388c6e,static_unknown,family:53966488c41d7dc381b822db;finding:82f89dc4730d9634a277ff4b;certificate:b9ffb687979bcf06f201da3a;growth:a769ed412bff9408b1064ae3;entry:9430997c703c23ee67f0432a,A1_REACHABILITY_UNKNOWN;A2_REACHABILITY_UNKNOWN;FLOW_GROWTH_NOT_VERIFIED;GROWTH_COVERAGE_INCOMPLETE;LIFECYCLE_PREMISE_UNRESOLVED;VERDICT_ASSERTION_1_LIFECYCLE_COVERAGE_INCOMPLETE;VERDICT_ASSERTION_2_LIFECYCLE_COVERAGE_INCOMPLETE;VERDICT_CANDIDATE_RELEVANT_GAP;VERDICT_FLOW_NOT_PROVEN;VERDICT_GROWTH_NOT_VERIFIED;VERDICT_REACHABILITY_NOT_PROVEN;VERDICT_UNRESOLVED_EVIDENCE,static_unknown_not_formal_positive,,,unresolved
family:a6473f5a40e56b7d03b86b45,walmartlabs/concord,resource:e46361c6f2fdad97cf8b3e7f,static_unknown,family:a6473f5a40e56b7d03b86b45;finding:c8a40d362e686ee9f18b1a3a;certificate:b80b8c79b7b2bb7cc358f928;growth:4de0db5baecaac8019a965b3;entry:0a088f377c5d2e5364156a13,A1_REACHABILITY_UNKNOWN;A2_REACHABILITY_UNKNOWN;FLOW_GROWTH_NOT_VERIFIED;GROWTH_COVERAGE_INCOMPLETE;LIFECYCLE_PREMISE_UNRESOLVED;VERDICT_ASSERTION_1_LIFECYCLE_COVERAGE_INCOMPLETE;VERDICT_ASSERTION_2_LIFECYCLE_COVERAGE_INCOMPLETE;VERDICT_CANDIDATE_RELEVANT_GAP;VERDICT_FLOW_NOT_PROVEN;VERDICT_GROWTH_NOT_VERIFIED;VERDICT_REACHABILITY_NOT_PROVEN;VERDICT_UNRESOLVED_EVIDENCE,static_unknown_not_formal_positive,,,unresolved
family:c52ca108dfc6546627197da6,walmartlabs/concord,resource:5428e7fb4ddccf3b0f5b39c1,static_unknown,family:c52ca108dfc6546627197da6;finding:050f42dd01971989e8d1506b;certificate:9a2353fcea0508ca3c72ca7b;growth:8fc8aa6a5880452670dd2ffd;entry:fe9052a75e1730a11c03eff3,A1_REACHABILITY_UNKNOWN;A2_REACHABILITY_UNKNOWN;FLOW_GROWTH_NOT_VERIFIED;GROWTH_COVERAGE_INCOMPLETE;LIFECYCLE_PREMISE_UNRESOLVED;VERDICT_ASSERTION_1_LIFECYCLE_COVERAGE_INCOMPLETE;VERDICT_ASSERTION_2_LIFECYCLE_COVERAGE_INCOMPLETE;VERDICT_CANDIDATE_RELEVANT_GAP;VERDICT_FLOW_NOT_PROVEN;VERDICT_GROWTH_NOT_VERIFIED;VERDICT_REACHABILITY_NOT_PROVEN;VERDICT_UNRESOLVED_EVIDENCE,static_unknown_not_formal_positive,,,unresolved
family:d4b039f5dc2df46d8255961c,walmartlabs/concord,resource:cacf4ea26023e7ff3259bb59,static_unknown,family:d4b039f5dc2df46d8255961c;finding:e613f495a429ab8d5637acf5;certificate:4089232f79b016488e61e24c;growth:957ae5f6b08c2b0fedd8224a;entry:478ae3fa6adde8a57971300b,A1_REACHABILITY_UNKNOWN;A2_REACHABILITY_UNKNOWN;FLOW_GROWTH_NOT_VERIFIED;GROWTH_COVERAGE_INCOMPLETE;LIFECYCLE_PREMISE_UNRESOLVED;VERDICT_ASSERTION_1_LIFECYCLE_COVERAGE_INCOMPLETE;VERDICT_ASSERTION_2_LIFECYCLE_COVERAGE_INCOMPLETE;VERDICT_CANDIDATE_RELEVANT_GAP;VERDICT_FLOW_NOT_PROVEN;VERDICT_GROWTH_NOT_VERIFIED;VERDICT_REACHABILITY_NOT_PROVEN;VERDICT_UNRESOLVED_EVIDENCE,static_unknown_not_formal_positive,,,unresolved
family:dc8e2db137e115028ad3caf9,walmartlabs/concord,resource:424f5a9cfa752dce01f2bbb3,static_unknown,family:dc8e2db137e115028ad3caf9;finding:2153dd32cba2252e8fa3c87e;certificate:a00f48c41cffcc125b3d5550;growth:16437df1e00a44302031b71b;entry:52d45c9e10c1019e69263565,A1_REACHABILITY_UNKNOWN;A2_REACHABILITY_UNKNOWN;FLOW_GROWTH_NOT_VERIFIED;GROWTH_COVERAGE_INCOMPLETE;LIFECYCLE_PREMISE_UNRESOLVED;VERDICT_ASSERTION_1_LIFECYCLE_COVERAGE_INCOMPLETE;VERDICT_ASSERTION_2_LIFECYCLE_COVERAGE_INCOMPLETE;VERDICT_CANDIDATE_RELEVANT_GAP;VERDICT_FLOW_NOT_PROVEN;VERDICT_GROWTH_NOT_VERIFIED;VERDICT_REACHABILITY_NOT_PROVEN;VERDICT_UNRESOLVED_EVIDENCE,static_unknown_not_formal_positive,,,unresolved
family:dd71253d086d48eda0346ebc,walmartlabs/concord,resource:e7afb45f61eaf4197d44b38d,static_unknown,family:dd71253d086d48eda0346ebc;finding:14bb0f15a23c3de6c7c195d2;certificate:ea57dc8e78b672cbcb24c9d2;growth:597d5dca5a7634f6abc7459a;entry:ccf24462795fa669c9bd852b,A1_REACHABILITY_UNKNOWN;A2_REACHABILITY_UNKNOWN;FLOW_GROWTH_NOT_VERIFIED;GROWTH_COVERAGE_INCOMPLETE;LIFECYCLE_PREMISE_UNRESOLVED;VERDICT_ASSERTION_1_LIFECYCLE_COVERAGE_INCOMPLETE;VERDICT_ASSERTION_2_LIFECYCLE_COVERAGE_INCOMPLETE;VERDICT_CANDIDATE_RELEVANT_GAP;VERDICT_FLOW_NOT_PROVEN;VERDICT_GROWTH_NOT_VERIFIED;VERDICT_REACHABILITY_NOT_PROVEN;VERDICT_UNRESOLVED_EVIDENCE,static_unknown_not_formal_positive,,,unresolved
family:e663d3849001e7e0047cc717,walmartlabs/concord,resource:8e2d8f3cd0a9383db303162e,static_unknown,family:e663d3849001e7e0047cc717;finding:49f738d6fea02dbdb584d82f;certificate:182121bb9c60b6631fc9a048;growth:8440467a313fcc2c384d10d5;entry:ccf24462795fa669c9bd852b,A1_REACHABILITY_UNKNOWN;A2_REACHABILITY_UNKNOWN;FLOW_GROWTH_NOT_VERIFIED;GROWTH_COVERAGE_INCOMPLETE;LIFECYCLE_PREMISE_UNRESOLVED;VERDICT_ASSERTION_1_LIFECYCLE_COVERAGE_INCOMPLETE;VERDICT_ASSERTION_2_LIFECYCLE_COVERAGE_INCOMPLETE;VERDICT_CANDIDATE_RELEVANT_GAP;VERDICT_FLOW_NOT_PROVEN;VERDICT_GROWTH_NOT_VERIFIED;VERDICT_REACHABILITY_NOT_PROVEN;VERDICT_UNRESOLVED_EVIDENCE,static_unknown_not_formal_positive,,,unresolved
family:24d493dc669c92d5059e137a,xuxueli/xxl-job,resource:b41c5a07af63f4b5e8080292,static_unknown,family:24d493dc669c92d5059e137a;finding:0a232add7932aa18ffc548e4;certificate:de296bf0da404cc63eb714f3;growth:d94c0d236fb91355785ca236;entry:1a687d776326f47e10939d36,A1_REACHABILITY_UNKNOWN;A2_REACHABILITY_UNKNOWN;FLOW_CALL_PATH_EDGE_INVALID;GROWTH_COVERAGE_INCOMPLETE;LIFECYCLE_PREMISE_UNRESOLVED;VERDICT_ASSERTION_1_LIFECYCLE_COVERAGE_INCOMPLETE;VERDICT_ASSERTION_2_LIFECYCLE_COVERAGE_INCOMPLETE;VERDICT_CANDIDATE_RELEVANT_GAP;VERDICT_FLOW_NOT_PROVEN;VERDICT_GROWTH_NOT_VERIFIED;VERDICT_REACHABILITY_NOT_PROVEN;VERDICT_UNRESOLVED_EVIDENCE,static_unknown_not_formal_positive,,,unresolved
family:2ebee5b4334f42f01d59ea2a,xuxueli/xxl-job,resource:e5a0e092dbfcaac171f41ab4,static_unknown,family:2ebee5b4334f42f01d59ea2a;finding:04336765933dcc7480052bf3;certificate:d269b4d77079d6000e8692ff;growth:113823e4ccca6ad45a0ef8da;entry:904a5ced7a4bcc5a2309cb74,A1_REACHABILITY_UNKNOWN;A2_REACHABILITY_UNKNOWN;FLOW_GROWTH_NOT_VERIFIED;GROWTH_NOT_DOS_RELEVANT;LIFECYCLE_PREMISE_UNRESOLVED;VERDICT_ASSERTION_1_LIFECYCLE_COVERAGE_INCOMPLETE;VERDICT_ASSERTION_2_LIFECYCLE_COVERAGE_INCOMPLETE;VERDICT_FLOW_NOT_PROVEN;VERDICT_GROWTH_NOT_VERIFIED;VERDICT_REACHABILITY_NOT_PROVEN;VERDICT_UNRESOLVED_EVIDENCE,static_unknown_not_formal_positive,,,unresolved
family:31732082c3317271ed1b6d96,xuxueli/xxl-job,resource:e17b870d2cd34fdcc924a62f,static_unknown,family:31732082c3317271ed1b6d96;finding:600dc18da6fda874d56b2f06;certificate:7de62142806a87da37b8a1ca;growth:c0e9fb2cb047d81cca9b3f9b;entry:0789b43a6160ebb1a0fa61c5,A1_REACHABILITY_UNKNOWN;A2_REACHABILITY_UNKNOWN;BOUND_COVERAGE_UNKNOWN;GUARD_COVERAGE_UNKNOWN;RELEASE_COVERAGE_UNKNOWN;VERDICT_ASSERTION_1_LIFECYCLE_COVERAGE_INCOMPLETE;VERDICT_ASSERTION_2_LIFECYCLE_COVERAGE_INCOMPLETE;VERDICT_REACHABILITY_NOT_PROVEN;VERDICT_UNRESOLVED_EVIDENCE,static_unknown_not_formal_positive,,,unresolved
family:41653e8d9654c0566cd00621,xuxueli/xxl-job,resource:5057cc07123ef3b9804fb783,static_unknown,family:41653e8d9654c0566cd00621;finding:dca827f8340319ad7242e0b5;certificate:ea29adf4c6bd58c146164cf8;growth:ef5d4bec40b126e470e0feab;entry:1a687d776326f47e10939d36,A1_REACHABILITY_UNKNOWN;A2_REACHABILITY_UNKNOWN;FLOW_CALL_PATH_EDGE_INVALID;GROWTH_COVERAGE_INCOMPLETE;LIFECYCLE_PREMISE_UNRESOLVED;VERDICT_ASSERTION_1_LIFECYCLE_COVERAGE_INCOMPLETE;VERDICT_ASSERTION_2_LIFECYCLE_COVERAGE_INCOMPLETE;VERDICT_CANDIDATE_RELEVANT_GAP;VERDICT_FLOW_NOT_PROVEN;VERDICT_GROWTH_NOT_VERIFIED;VERDICT_REACHABILITY_NOT_PROVEN;VERDICT_UNRESOLVED_EVIDENCE,static_unknown_not_formal_positive,,,unresolved
family:45f681eec2cbe7b5168e7cc2,xuxueli/xxl-job,resource:3d9257fa925c57298b03a981,static_unknown,family:45f681eec2cbe7b5168e7cc2;finding:004aab01d34411815eab5e66;certificate:18b24c3dcabdaca932688b74;growth:cececc6890e492a3750210c0;entry:1a687d776326f47e10939d36,A1_REACHABILITY_UNKNOWN;A2_REACHABILITY_UNKNOWN;FLOW_CALL_PATH_EDGE_INVALID;GROWTH_COVERAGE_INCOMPLETE;LIFECYCLE_PREMISE_UNRESOLVED;VERDICT_ASSERTION_1_LIFECYCLE_COVERAGE_INCOMPLETE;VERDICT_ASSERTION_2_LIFECYCLE_COVERAGE_INCOMPLETE;VERDICT_CANDIDATE_RELEVANT_GAP;VERDICT_FLOW_NOT_PROVEN;VERDICT_GROWTH_NOT_VERIFIED;VERDICT_REACHABILITY_NOT_PROVEN;VERDICT_UNRESOLVED_EVIDENCE,static_unknown_not_formal_positive,,,unresolved
family:9553c2b6d9e290d6db07bee5,xuxueli/xxl-job,resource:c31115570c4f91bf0a9da3f6,static_unknown,family:9553c2b6d9e290d6db07bee5;finding:4ab05a6ad9f9bb09710c4220;certificate:878abf35ce6ce1a79b18fb7e;growth:8e40c42dfafab6f420a0ccd9;entry:1a687d776326f47e10939d36,A1_REACHABILITY_UNKNOWN;A2_REACHABILITY_UNKNOWN;FLOW_CALL_PATH_EDGE_INVALID;GROWTH_COVERAGE_INCOMPLETE;LIFECYCLE_PREMISE_UNRESOLVED;VERDICT_ASSERTION_1_LIFECYCLE_COVERAGE_INCOMPLETE;VERDICT_ASSERTION_2_LIFECYCLE_COVERAGE_INCOMPLETE;VERDICT_CANDIDATE_RELEVANT_GAP;VERDICT_FLOW_NOT_PROVEN;VERDICT_GROWTH_NOT_VERIFIED;VERDICT_REACHABILITY_NOT_PROVEN;VERDICT_UNRESOLVED_EVIDENCE,static_unknown_not_formal_positive,,,unresolved
family:a3f7fbda891f5e70990e95ec,xuxueli/xxl-job,resource:fda1f838cde3641be8b0fd97,static_unknown,family:a3f7fbda891f5e70990e95ec;finding:e65f773c0f4455487e02e9cf;certificate:9a28f68dfbb84ed7a4dcf208;growth:f72e9e810089898f1ea3fcf7;entry:1a687d776326f47e10939d36,A1_REACHABILITY_UNKNOWN;A2_REACHABILITY_UNKNOWN;FLOW_CALL_PATH_EDGE_INVALID;GROWTH_COVERAGE_INCOMPLETE;LIFECYCLE_PREMISE_UNRESOLVED;VERDICT_ASSERTION_1_LIFECYCLE_COVERAGE_INCOMPLETE;VERDICT_ASSERTION_2_LIFECYCLE_COVERAGE_INCOMPLETE;VERDICT_CANDIDATE_RELEVANT_GAP;VERDICT_FLOW_NOT_PROVEN;VERDICT_GROWTH_NOT_VERIFIED;VERDICT_REACHABILITY_NOT_PROVEN;VERDICT_UNRESOLVED_EVIDENCE,static_unknown_not_formal_positive,,,unresolved
family:b91803fa4dba85d518fb2ec1,yangzongzhuan/ruoyi-vue-fast,resource:b5f08a9100876d91416bf459,static_unknown,family:b91803fa4dba85d518fb2ec1;finding:06ebb2729cd72094ba48bcaa;certificate:100977787200ca752c212d93;growth:a8287a24c979d3cb5e7ee944;entry:13439a6366a116cece3d0fe6,A1_REACHABILITY_UNKNOWN;A2_REACHABILITY_UNKNOWN;BOUND_COVERAGE_UNKNOWN;GUARD_ABSENT;RELEASE_INSUFFICIENT_PATH_COVERAGE;RELEASE_RECEIVER_OR_KEY_MISMATCHED;VERDICT_ASSERTION_1_LIFECYCLE_COVERAGE_INCOMPLETE;VERDICT_ASSERTION_2_LIFECYCLE_COVERAGE_INCOMPLETE;VERDICT_REACHABILITY_NOT_PROVEN;VERDICT_UNRESOLVED_EVIDENCE,static_unknown_not_formal_positive,,,unresolved
family:f984ae2c41b67471ab1572ea,yangzongzhuan/ruoyi-vue-fast,resource:b5f08a9100876d91416bf459,static_unknown,family:f984ae2c41b67471ab1572ea;finding:a6d168cfc5d26c371e941b78;certificate:e7d6de37e3b632fe788d01de;growth:bcc0769e03a4ecff50a65e00;entry:73f0bc551f45a9aebac974c3,A1_REACHABILITY_UNKNOWN;A2_REACHABILITY_UNKNOWN;FLOW_GROWTH_NOT_VERIFIED;GROWTH_COVERAGE_INCOMPLETE;LIFECYCLE_PREMISE_UNRESOLVED;VERDICT_ASSERTION_1_LIFECYCLE_COVERAGE_INCOMPLETE;VERDICT_ASSERTION_2_LIFECYCLE_COVERAGE_INCOMPLETE;VERDICT_CANDIDATE_RELEVANT_GAP;VERDICT_FLOW_NOT_PROVEN;VERDICT_GROWTH_NOT_VERIFIED;VERDICT_REACHABILITY_NOT_PROVEN;VERDICT_UNRESOLVED_EVIDENCE,static_unknown_not_formal_positive,,,unresolved
family:623946fc5f28733388189399,yiuman/citrus,resource:1c4994f0917dfba2cbc477b8,static_unknown,family:623946fc5f28733388189399;finding:07e221b344334bb2f2319815;certificate:05a06acd8c80519bbd38d447;growth:439c2c050a8e2c3cb26ccb82;entry:4f41c624926e02f689765402,A1_REACHABILITY_UNKNOWN;A2_REACHABILITY_UNKNOWN;FLOW_GROWTH_NOT_VERIFIED;GROWTH_COVERAGE_INCOMPLETE;LIFECYCLE_PREMISE_UNRESOLVED;VERDICT_ASSERTION_1_LIFECYCLE_COVERAGE_INCOMPLETE;VERDICT_ASSERTION_2_LIFECYCLE_COVERAGE_INCOMPLETE;VERDICT_CANDIDATE_RELEVANT_GAP;VERDICT_FLOW_NOT_PROVEN;VERDICT_GROWTH_NOT_VERIFIED;VERDICT_REACHABILITY_NOT_PROVEN;VERDICT_UNRESOLVED_EVIDENCE,static_unknown_not_formal_positive,,,unresolved
family:ad9f9c2c2e4c94dac3795d7c,yiuman/citrus,resource:61f67bacd6d7d5fe396dc6c5,static_unknown,family:ad9f9c2c2e4c94dac3795d7c;finding:45c9bc0ece774a53f70bb8e1;certificate:8a258cfe9f51e3372bb03a1e;growth:467dfd22ea13a428b166e95e;entry:60424f9f9b0884309ff00b35,A1_REACHABILITY_UNKNOWN;A2_REACHABILITY_UNKNOWN;FLOW_GROWTH_NOT_VERIFIED;GROWTH_COVERAGE_INCOMPLETE;LIFECYCLE_PREMISE_UNRESOLVED;VERDICT_ASSERTION_1_LIFECYCLE_COVERAGE_INCOMPLETE;VERDICT_ASSERTION_2_LIFECYCLE_COVERAGE_INCOMPLETE;VERDICT_CANDIDATE_RELEVANT_GAP;VERDICT_FLOW_NOT_PROVEN;VERDICT_GROWTH_NOT_VERIFIED;VERDICT_REACHABILITY_NOT_PROVEN;VERDICT_UNRESOLVED_EVIDENCE,static_unknown_not_formal_positive,,,unresolved
family:b0d0c71afc14408d618ccc6c,yiuman/citrus,resource:30e88feb076f2017c27dccb2,static_unknown,family:b0d0c71afc14408d618ccc6c;finding:dd1dc3f9b1684eb98afbc1d5;certificate:2c8e0afcdff93914e702f3db;growth:7b69b866240746c26c39b543;entry:8d7bf13da2e399b99b428ab9,A1_REACHABILITY_UNKNOWN;A2_REACHABILITY_UNKNOWN;FLOW_GROWTH_NOT_VERIFIED;GROWTH_COVERAGE_INCOMPLETE;LIFECYCLE_PREMISE_UNRESOLVED;VERDICT_ASSERTION_1_LIFECYCLE_COVERAGE_INCOMPLETE;VERDICT_ASSERTION_2_LIFECYCLE_COVERAGE_INCOMPLETE;VERDICT_CANDIDATE_RELEVANT_GAP;VERDICT_FLOW_NOT_PROVEN;VERDICT_GROWTH_NOT_VERIFIED;VERDICT_REACHABILITY_NOT_PROVEN;VERDICT_UNRESOLVED_EVIDENCE,static_unknown_not_formal_positive,,,unresolved
