data_source,input_id,kind,entry_callable,mapping,extraction,analysis,reason,resource_family_ids,property_ids,imported_record_id,candidate_file_sha256,source_sha256
project_mixed_inputs,ambiguous-resource,candidate,java-callable-v1:fixture.lifecyclev12.MultiResource.twoResources()V,mapping_ambiguous,extracted,skipped,mapping_ambiguous,[],[],,,
project_mixed_inputs,duplicate-multi,method,java-callable-v1:fixture.lifecyclev12.MultiResource.twoResources()V,mapped,extracted,analyzed,property_unknown,"[""family:53cced109891697b6bc02a74"", ""family:affc9c7af3a247565dda004a""]","[""resource-property-v1.2:08e9b2ff3ebce5c8a6d41b46"", ""resource-property-v1.2:3f13ce78ea98c4554ccd05be"", ""resource-property-v1.2:a0a5a535d3ffaf6f6844a8e7"", ""resource-property-v1.2:ab8e9a0df909b3f0f46e2d03"", ""resource-property-v1.2:ed0e0fe66dda0f877b8d25ed"", ""resource-property-v1.2:ffc02bcba0b95c746105d2cd""]",,,
project_mixed_inputs,imported-resource,candidate,java-callable-v1:fixture.lifecyclev12.MultiResource.twoResources()V,mapped,extracted,analyzed,property_unknown,"[""family:53cced109891697b6bc02a74""]","[""resource-property-v1.2:08e9b2ff3ebce5c8a6d41b46"", ""resource-property-v1.2:3f13ce78ea98c4554ccd05be"", ""resource-property-v1.2:a0a5a535d3ffaf6f6844a8e7""]",growth:d02219bc4d3fd8027f42a019,598bfe0472a7e56162c05a68a022b51a0fa233e4d8798bb1735ec1fed85bbf83,5f7ad401c616e0eb4090975bfb80de7657326c01f2143f5f144f85e1f32c8d7c
project_mixed_inputs,method-multi,method,java-callable-v1:fixture.lifecyclev12.MultiResource.twoResources()V,mapped,extracted,analyzed,property_unknown,"[""family:53cced109891697b6bc02a74"", ""family:affc9c7af3a247565dda004a""]","[""resource-property-v1.2:08e9b2ff3ebce5c8a6d41b46"", ""resource-property-v1.2:3f13ce78ea98c4554ccd05be"", ""resource-property-v1.2:a0a5a535d3ffaf6f6844a8e7"", ""resource-property-v1.2:ab8e9a0df909b3f0f46e2d03"", ""resource-property-v1.2:ed0e0fe66dda0f877b8d25ed"", ""resource-property-v1.2:ffc02bcba0b95c746105d2cd""]",,,
project_mixed_inputs,missing-method,method,java-callable-v1:fixture.lifecyclev12.MultiResource.doesNotExist()V,mapping_missing,extracted,skipped,method_has_no_extracted_resource,[],[],,,
project_mixed_inputs,stale-resource,candidate,java-callable-v1:fixture.lifecyclev12.MultiResource.twoResources()V,stale_source,extracted,skipped,stale_source,[],[],,,
scaling_1x_repeated_fixture,java-callable-v1:fixture.lifecyclev11.SourcePairsScale001.s1Sync(I)V,,java-callable-v1:fixture.lifecyclev11.SourcePairsScale001.s1Sync(I)V,mapped,extracted,analyzed,,,,,,
scaling_1x_repeated_fixture,java-callable-v1:fixture.lifecyclev11.SourcePairsScale001.s1TaskWrapped(I)V,,java-callable-v1:fixture.lifecyclev11.SourcePairsScale001.s1TaskWrapped(I)V,mapped,extracted,analyzed,,,,,,
scaling_1x_repeated_fixture,java-callable-v1:fixture.lifecyclev11.SourcePairsScale001.s2TaskOnly(I)V,,java-callable-v1:fixture.lifecyclev11.SourcePairsScale001.s2TaskOnly(I)V,mapped,extracted,analyzed,,,,,,
scaling_1x_repeated_fixture,java-callable-v1:fixture.lifecyclev11.SourcePairsScale001.s2FieldHolder(I)V,,java-callable-v1:fixture.lifecyclev11.SourcePairsScale001.s2FieldHolder(I)V,mapped,extracted,analyzed,,,,,,
scaling_1x_repeated_fixture,java-callable-v1:fixture.lifecyclev11.SourcePairsScale001.s3AllExitsClose(I)V,,java-callable-v1:fixture.lifecyclev11.SourcePairsScale001.s3AllExitsClose(I)V,mapped,extracted,analyzed,,,,,,
scaling_1x_repeated_fixture,java-callable-v1:fixture.lifecyclev11.SourcePairsScale001.s3MissingExceptionalClose(I)V,,java-callable-v1:fixture.lifecyclev11.SourcePairsScale001.s3MissingExceptionalClose(I)V,mapped,extracted,analyzed,,,,,,
scaling_1x_repeated_fixture,java-callable-v1:fixture.lifecyclev11.SourcePairsScale001.s4Direct(I)V,,java-callable-v1:fixture.lifecyclev11.SourcePairsScale001.s4Direct(I)V,mapped,extracted,analyzed,,,,,,
scaling_1x_repeated_fixture,java-callable-v1:fixture.lifecyclev11.SourcePairsScale001.s4DepthTwo(I)V,,java-callable-v1:fixture.lifecyclev11.SourcePairsScale001.s4DepthTwo(I)V,mapped,extracted,analyzed,,,,,,
scaling_1x_repeated_fixture,java-callable-v1:fixture.lifecyclev11.SourcePairsScale001.s5VerifiedCapacity(I)V,,java-callable-v1:fixture.lifecyclev11.SourcePairsScale001.s5VerifiedCapacity(I)V,mapped,extracted,analyzed,,,,,,
scaling_1x_repeated_fixture,java-callable-v1:fixture.lifecyclev11.SourcePairsScale001.s5UnknownCapacity(I)V,,java-callable-v1:fixture.lifecyclev11.SourcePairsScale001.s5UnknownCapacity(I)V,mapped,extracted,analyzed,,,,,,
scaling_1x_repeated_fixture,java-callable-v1:fixture.lifecyclev11.SourcePairsScale001.s6SupportedExecutor(I)V,,java-callable-v1:fixture.lifecyclev11.SourcePairsScale001.s6SupportedExecutor(I)V,mapped,extracted,analyzed,,,,,,
scaling_1x_repeated_fixture,java-callable-v1:fixture.lifecyclev11.SourcePairsScale001.s6UnresolvedExecutor(I)V,,java-callable-v1:fixture.lifecyclev11.SourcePairsScale001.s6UnresolvedExecutor(I)V,mapped,extracted,analyzed,,,,,,
scaling_2x_repeated_fixture,java-callable-v1:fixture.lifecyclev11.SourcePairsScale001.s1Sync(I)V,,java-callable-v1:fixture.lifecyclev11.SourcePairsScale001.s1Sync(I)V,mapped,extracted,analyzed,,,,,,
scaling_2x_repeated_fixture,java-callable-v1:fixture.lifecyclev11.SourcePairsScale001.s1TaskWrapped(I)V,,java-callable-v1:fixture.lifecyclev11.SourcePairsScale001.s1TaskWrapped(I)V,mapped,extracted,analyzed,,,,,,
scaling_2x_repeated_fixture,java-callable-v1:fixture.lifecyclev11.SourcePairsScale001.s2TaskOnly(I)V,,java-callable-v1:fixture.lifecyclev11.SourcePairsScale001.s2TaskOnly(I)V,mapped,extracted,analyzed,,,,,,
scaling_2x_repeated_fixture,java-callable-v1:fixture.lifecyclev11.SourcePairsScale001.s2FieldHolder(I)V,,java-callable-v1:fixture.lifecyclev11.SourcePairsScale001.s2FieldHolder(I)V,mapped,extracted,analyzed,,,,,,
scaling_2x_repeated_fixture,java-callable-v1:fixture.lifecyclev11.SourcePairsScale001.s3AllExitsClose(I)V,,java-callable-v1:fixture.lifecyclev11.SourcePairsScale001.s3AllExitsClose(I)V,mapped,extracted,analyzed,,,,,,
scaling_2x_repeated_fixture,java-callable-v1:fixture.lifecyclev11.SourcePairsScale001.s3MissingExceptionalClose(I)V,,java-callable-v1:fixture.lifecyclev11.SourcePairsScale001.s3MissingExceptionalClose(I)V,mapped,extracted,analyzed,,,,,,
scaling_2x_repeated_fixture,java-callable-v1:fixture.lifecyclev11.SourcePairsScale001.s4Direct(I)V,,java-callable-v1:fixture.lifecyclev11.SourcePairsScale001.s4Direct(I)V,mapped,extracted,analyzed,,,,,,
scaling_2x_repeated_fixture,java-callable-v1:fixture.lifecyclev11.SourcePairsScale001.s4DepthTwo(I)V,,java-callable-v1:fixture.lifecyclev11.SourcePairsScale001.s4DepthTwo(I)V,mapped,extracted,analyzed,,,,,,
scaling_2x_repeated_fixture,java-callable-v1:fixture.lifecyclev11.SourcePairsScale001.s5VerifiedCapacity(I)V,,java-callable-v1:fixture.lifecyclev11.SourcePairsScale001.s5VerifiedCapacity(I)V,mapped,extracted,analyzed,,,,,,
scaling_2x_repeated_fixture,java-callable-v1:fixture.lifecyclev11.SourcePairsScale001.s5UnknownCapacity(I)V,,java-callable-v1:fixture.lifecyclev11.SourcePairsScale001.s5UnknownCapacity(I)V,mapped,extracted,analyzed,,,,,,
scaling_2x_repeated_fixture,java-callable-v1:fixture.lifecyclev11.SourcePairsScale001.s6SupportedExecutor(I)V,,java-callable-v1:fixture.lifecyclev11.SourcePairsScale001.s6SupportedExecutor(I)V,mapped,extracted,analyzed,,,,,,
scaling_2x_repeated_fixture,java-callable-v1:fixture.lifecyclev11.SourcePairsScale001.s6UnresolvedExecutor(I)V,,java-callable-v1:fixture.lifecyclev11.SourcePairsScale001.s6UnresolvedExecutor(I)V,mapped,extracted,analyzed,,,,,,
scaling_2x_repeated_fixture,java-callable-v1:fixture.lifecyclev11.SourcePairsScale002.s1Sync(I)V,,java-callable-v1:fixture.lifecyclev11.SourcePairsScale002.s1Sync(I)V,mapped,extracted,analyzed,,,,,,
scaling_2x_repeated_fixture,java-callable-v1:fixture.lifecyclev11.SourcePairsScale002.s1TaskWrapped(I)V,,java-callable-v1:fixture.lifecyclev11.SourcePairsScale002.s1TaskWrapped(I)V,mapped,extracted,analyzed,,,,,,
scaling_2x_repeated_fixture,java-callable-v1:fixture.lifecyclev11.SourcePairsScale002.s2TaskOnly(I)V,,java-callable-v1:fixture.lifecyclev11.SourcePairsScale002.s2TaskOnly(I)V,mapped,extracted,analyzed,,,,,,
scaling_2x_repeated_fixture,java-callable-v1:fixture.lifecyclev11.SourcePairsScale002.s2FieldHolder(I)V,,java-callable-v1:fixture.lifecyclev11.SourcePairsScale002.s2FieldHolder(I)V,mapped,extracted,analyzed,,,,,,
scaling_2x_repeated_fixture,java-callable-v1:fixture.lifecyclev11.SourcePairsScale002.s3AllExitsClose(I)V,,java-callable-v1:fixture.lifecyclev11.SourcePairsScale002.s3AllExitsClose(I)V,mapped,extracted,analyzed,,,,,,
scaling_2x_repeated_fixture,java-callable-v1:fixture.lifecyclev11.SourcePairsScale002.s3MissingExceptionalClose(I)V,,java-callable-v1:fixture.lifecyclev11.SourcePairsScale002.s3MissingExceptionalClose(I)V,mapped,extracted,analyzed,,,,,,
scaling_2x_repeated_fixture,java-callable-v1:fixture.lifecyclev11.SourcePairsScale002.s4Direct(I)V,,java-callable-v1:fixture.lifecyclev11.SourcePairsScale002.s4Direct(I)V,mapped,extracted,analyzed,,,,,,
scaling_2x_repeated_fixture,java-callable-v1:fixture.lifecyclev11.SourcePairsScale002.s4DepthTwo(I)V,,java-callable-v1:fixture.lifecyclev11.SourcePairsScale002.s4DepthTwo(I)V,mapped,extracted,analyzed,,,,,,
scaling_2x_repeated_fixture,java-callable-v1:fixture.lifecyclev11.SourcePairsScale002.s5VerifiedCapacity(I)V,,java-callable-v1:fixture.lifecyclev11.SourcePairsScale002.s5VerifiedCapacity(I)V,mapped,extracted,analyzed,,,,,,
scaling_2x_repeated_fixture,java-callable-v1:fixture.lifecyclev11.SourcePairsScale002.s5UnknownCapacity(I)V,,java-callable-v1:fixture.lifecyclev11.SourcePairsScale002.s5UnknownCapacity(I)V,mapped,extracted,analyzed,,,,,,
scaling_2x_repeated_fixture,java-callable-v1:fixture.lifecyclev11.SourcePairsScale002.s6SupportedExecutor(I)V,,java-callable-v1:fixture.lifecyclev11.SourcePairsScale002.s6SupportedExecutor(I)V,mapped,extracted,analyzed,,,,,,
scaling_2x_repeated_fixture,java-callable-v1:fixture.lifecyclev11.SourcePairsScale002.s6UnresolvedExecutor(I)V,,java-callable-v1:fixture.lifecyclev11.SourcePairsScale002.s6UnresolvedExecutor(I)V,mapped,extracted,analyzed,,,,,,
scaling_4x_repeated_fixture,java-callable-v1:fixture.lifecyclev11.SourcePairsScale001.s1Sync(I)V,,java-callable-v1:fixture.lifecyclev11.SourcePairsScale001.s1Sync(I)V,mapped,extracted,analyzed,,,,,,
scaling_4x_repeated_fixture,java-callable-v1:fixture.lifecyclev11.SourcePairsScale001.s1TaskWrapped(I)V,,java-callable-v1:fixture.lifecyclev11.SourcePairsScale001.s1TaskWrapped(I)V,mapped,extracted,analyzed,,,,,,
scaling_4x_repeated_fixture,java-callable-v1:fixture.lifecyclev11.SourcePairsScale001.s2TaskOnly(I)V,,java-callable-v1:fixture.lifecyclev11.SourcePairsScale001.s2TaskOnly(I)V,mapped,extracted,analyzed,,,,,,
scaling_4x_repeated_fixture,java-callable-v1:fixture.lifecyclev11.SourcePairsScale001.s2FieldHolder(I)V,,java-callable-v1:fixture.lifecyclev11.SourcePairsScale001.s2FieldHolder(I)V,mapped,extracted,analyzed,,,,,,
scaling_4x_repeated_fixture,java-callable-v1:fixture.lifecyclev11.SourcePairsScale001.s3AllExitsClose(I)V,,java-callable-v1:fixture.lifecyclev11.SourcePairsScale001.s3AllExitsClose(I)V,mapped,extracted,analyzed,,,,,,
scaling_4x_repeated_fixture,java-callable-v1:fixture.lifecyclev11.SourcePairsScale001.s3MissingExceptionalClose(I)V,,java-callable-v1:fixture.lifecyclev11.SourcePairsScale001.s3MissingExceptionalClose(I)V,mapped,extracted,analyzed,,,,,,
scaling_4x_repeated_fixture,java-callable-v1:fixture.lifecyclev11.SourcePairsScale001.s4Direct(I)V,,java-callable-v1:fixture.lifecyclev11.SourcePairsScale001.s4Direct(I)V,mapped,extracted,analyzed,,,,,,
scaling_4x_repeated_fixture,java-callable-v1:fixture.lifecyclev11.SourcePairsScale001.s4DepthTwo(I)V,,java-callable-v1:fixture.lifecyclev11.SourcePairsScale001.s4DepthTwo(I)V,mapped,extracted,analyzed,,,,,,
scaling_4x_repeated_fixture,java-callable-v1:fixture.lifecyclev11.SourcePairsScale001.s5VerifiedCapacity(I)V,,java-callable-v1:fixture.lifecyclev11.SourcePairsScale001.s5VerifiedCapacity(I)V,mapped,extracted,analyzed,,,,,,
scaling_4x_repeated_fixture,java-callable-v1:fixture.lifecyclev11.SourcePairsScale001.s5UnknownCapacity(I)V,,java-callable-v1:fixture.lifecyclev11.SourcePairsScale001.s5UnknownCapacity(I)V,mapped,extracted,analyzed,,,,,,
scaling_4x_repeated_fixture,java-callable-v1:fixture.lifecyclev11.SourcePairsScale001.s6SupportedExecutor(I)V,,java-callable-v1:fixture.lifecyclev11.SourcePairsScale001.s6SupportedExecutor(I)V,mapped,extracted,analyzed,,,,,,
scaling_4x_repeated_fixture,java-callable-v1:fixture.lifecyclev11.SourcePairsScale001.s6UnresolvedExecutor(I)V,,java-callable-v1:fixture.lifecyclev11.SourcePairsScale001.s6UnresolvedExecutor(I)V,mapped,extracted,analyzed,,,,,,
scaling_4x_repeated_fixture,java-callable-v1:fixture.lifecyclev11.SourcePairsScale002.s1Sync(I)V,,java-callable-v1:fixture.lifecyclev11.SourcePairsScale002.s1Sync(I)V,mapped,extracted,analyzed,,,,,,
scaling_4x_repeated_fixture,java-callable-v1:fixture.lifecyclev11.SourcePairsScale002.s1TaskWrapped(I)V,,java-callable-v1:fixture.lifecyclev11.SourcePairsScale002.s1TaskWrapped(I)V,mapped,extracted,analyzed,,,,,,
scaling_4x_repeated_fixture,java-callable-v1:fixture.lifecyclev11.SourcePairsScale002.s2TaskOnly(I)V,,java-callable-v1:fixture.lifecyclev11.SourcePairsScale002.s2TaskOnly(I)V,mapped,extracted,analyzed,,,,,,
scaling_4x_repeated_fixture,java-callable-v1:fixture.lifecyclev11.SourcePairsScale002.s2FieldHolder(I)V,,java-callable-v1:fixture.lifecyclev11.SourcePairsScale002.s2FieldHolder(I)V,mapped,extracted,analyzed,,,,,,
scaling_4x_repeated_fixture,java-callable-v1:fixture.lifecyclev11.SourcePairsScale002.s3AllExitsClose(I)V,,java-callable-v1:fixture.lifecyclev11.SourcePairsScale002.s3AllExitsClose(I)V,mapped,extracted,analyzed,,,,,,
scaling_4x_repeated_fixture,java-callable-v1:fixture.lifecyclev11.SourcePairsScale002.s3MissingExceptionalClose(I)V,,java-callable-v1:fixture.lifecyclev11.SourcePairsScale002.s3MissingExceptionalClose(I)V,mapped,extracted,analyzed,,,,,,
scaling_4x_repeated_fixture,java-callable-v1:fixture.lifecyclev11.SourcePairsScale002.s4Direct(I)V,,java-callable-v1:fixture.lifecyclev11.SourcePairsScale002.s4Direct(I)V,mapped,extracted,analyzed,,,,,,
scaling_4x_repeated_fixture,java-callable-v1:fixture.lifecyclev11.SourcePairsScale002.s4DepthTwo(I)V,,java-callable-v1:fixture.lifecyclev11.SourcePairsScale002.s4DepthTwo(I)V,mapped,extracted,analyzed,,,,,,
scaling_4x_repeated_fixture,java-callable-v1:fixture.lifecyclev11.SourcePairsScale002.s5VerifiedCapacity(I)V,,java-callable-v1:fixture.lifecyclev11.SourcePairsScale002.s5VerifiedCapacity(I)V,mapped,extracted,analyzed,,,,,,
scaling_4x_repeated_fixture,java-callable-v1:fixture.lifecyclev11.SourcePairsScale002.s5UnknownCapacity(I)V,,java-callable-v1:fixture.lifecyclev11.SourcePairsScale002.s5UnknownCapacity(I)V,mapped,extracted,analyzed,,,,,,
scaling_4x_repeated_fixture,java-callable-v1:fixture.lifecyclev11.SourcePairsScale002.s6SupportedExecutor(I)V,,java-callable-v1:fixture.lifecyclev11.SourcePairsScale002.s6SupportedExecutor(I)V,mapped,extracted,analyzed,,,,,,
scaling_4x_repeated_fixture,java-callable-v1:fixture.lifecyclev11.SourcePairsScale002.s6UnresolvedExecutor(I)V,,java-callable-v1:fixture.lifecyclev11.SourcePairsScale002.s6UnresolvedExecutor(I)V,mapped,extracted,analyzed,,,,,,
scaling_4x_repeated_fixture,java-callable-v1:fixture.lifecyclev11.SourcePairsScale003.s1Sync(I)V,,java-callable-v1:fixture.lifecyclev11.SourcePairsScale003.s1Sync(I)V,mapped,extracted,analyzed,,,,,,
scaling_4x_repeated_fixture,java-callable-v1:fixture.lifecyclev11.SourcePairsScale003.s1TaskWrapped(I)V,,java-callable-v1:fixture.lifecyclev11.SourcePairsScale003.s1TaskWrapped(I)V,mapped,extracted,analyzed,,,,,,
scaling_4x_repeated_fixture,java-callable-v1:fixture.lifecyclev11.SourcePairsScale003.s2TaskOnly(I)V,,java-callable-v1:fixture.lifecyclev11.SourcePairsScale003.s2TaskOnly(I)V,mapped,extracted,analyzed,,,,,,
scaling_4x_repeated_fixture,java-callable-v1:fixture.lifecyclev11.SourcePairsScale003.s2FieldHolder(I)V,,java-callable-v1:fixture.lifecyclev11.SourcePairsScale003.s2FieldHolder(I)V,mapped,extracted,analyzed,,,,,,
scaling_4x_repeated_fixture,java-callable-v1:fixture.lifecyclev11.SourcePairsScale003.s3AllExitsClose(I)V,,java-callable-v1:fixture.lifecyclev11.SourcePairsScale003.s3AllExitsClose(I)V,mapped,extracted,analyzed,,,,,,
scaling_4x_repeated_fixture,java-callable-v1:fixture.lifecyclev11.SourcePairsScale003.s3MissingExceptionalClose(I)V,,java-callable-v1:fixture.lifecyclev11.SourcePairsScale003.s3MissingExceptionalClose(I)V,mapped,extracted,analyzed,,,,,,
scaling_4x_repeated_fixture,java-callable-v1:fixture.lifecyclev11.SourcePairsScale003.s4Direct(I)V,,java-callable-v1:fixture.lifecyclev11.SourcePairsScale003.s4Direct(I)V,mapped,extracted,analyzed,,,,,,
scaling_4x_repeated_fixture,java-callable-v1:fixture.lifecyclev11.SourcePairsScale003.s4DepthTwo(I)V,,java-callable-v1:fixture.lifecyclev11.SourcePairsScale003.s4DepthTwo(I)V,mapped,extracted,analyzed,,,,,,
scaling_4x_repeated_fixture,java-callable-v1:fixture.lifecyclev11.SourcePairsScale003.s5VerifiedCapacity(I)V,,java-callable-v1:fixture.lifecyclev11.SourcePairsScale003.s5VerifiedCapacity(I)V,mapped,extracted,analyzed,,,,,,
scaling_4x_repeated_fixture,java-callable-v1:fixture.lifecyclev11.SourcePairsScale003.s5UnknownCapacity(I)V,,java-callable-v1:fixture.lifecyclev11.SourcePairsScale003.s5UnknownCapacity(I)V,mapped,extracted,analyzed,,,,,,
scaling_4x_repeated_fixture,java-callable-v1:fixture.lifecyclev11.SourcePairsScale003.s6SupportedExecutor(I)V,,java-callable-v1:fixture.lifecyclev11.SourcePairsScale003.s6SupportedExecutor(I)V,mapped,extracted,analyzed,,,,,,
scaling_4x_repeated_fixture,java-callable-v1:fixture.lifecyclev11.SourcePairsScale003.s6UnresolvedExecutor(I)V,,java-callable-v1:fixture.lifecyclev11.SourcePairsScale003.s6UnresolvedExecutor(I)V,mapped,extracted,analyzed,,,,,,
scaling_4x_repeated_fixture,java-callable-v1:fixture.lifecyclev11.SourcePairsScale004.s1Sync(I)V,,java-callable-v1:fixture.lifecyclev11.SourcePairsScale004.s1Sync(I)V,mapped,extracted,analyzed,,,,,,
scaling_4x_repeated_fixture,java-callable-v1:fixture.lifecyclev11.SourcePairsScale004.s1TaskWrapped(I)V,,java-callable-v1:fixture.lifecyclev11.SourcePairsScale004.s1TaskWrapped(I)V,mapped,extracted,analyzed,,,,,,
scaling_4x_repeated_fixture,java-callable-v1:fixture.lifecyclev11.SourcePairsScale004.s2TaskOnly(I)V,,java-callable-v1:fixture.lifecyclev11.SourcePairsScale004.s2TaskOnly(I)V,mapped,extracted,analyzed,,,,,,
scaling_4x_repeated_fixture,java-callable-v1:fixture.lifecyclev11.SourcePairsScale004.s2FieldHolder(I)V,,java-callable-v1:fixture.lifecyclev11.SourcePairsScale004.s2FieldHolder(I)V,mapped,extracted,analyzed,,,,,,
scaling_4x_repeated_fixture,java-callable-v1:fixture.lifecyclev11.SourcePairsScale004.s3AllExitsClose(I)V,,java-callable-v1:fixture.lifecyclev11.SourcePairsScale004.s3AllExitsClose(I)V,mapped,extracted,analyzed,,,,,,
scaling_4x_repeated_fixture,java-callable-v1:fixture.lifecyclev11.SourcePairsScale004.s3MissingExceptionalClose(I)V,,java-callable-v1:fixture.lifecyclev11.SourcePairsScale004.s3MissingExceptionalClose(I)V,mapped,extracted,analyzed,,,,,,
scaling_4x_repeated_fixture,java-callable-v1:fixture.lifecyclev11.SourcePairsScale004.s4Direct(I)V,,java-callable-v1:fixture.lifecyclev11.SourcePairsScale004.s4Direct(I)V,mapped,extracted,analyzed,,,,,,
scaling_4x_repeated_fixture,java-callable-v1:fixture.lifecyclev11.SourcePairsScale004.s4DepthTwo(I)V,,java-callable-v1:fixture.lifecyclev11.SourcePairsScale004.s4DepthTwo(I)V,mapped,extracted,analyzed,,,,,,
scaling_4x_repeated_fixture,java-callable-v1:fixture.lifecyclev11.SourcePairsScale004.s5VerifiedCapacity(I)V,,java-callable-v1:fixture.lifecyclev11.SourcePairsScale004.s5VerifiedCapacity(I)V,mapped,extracted,analyzed,,,,,,
scaling_4x_repeated_fixture,java-callable-v1:fixture.lifecyclev11.SourcePairsScale004.s5UnknownCapacity(I)V,,java-callable-v1:fixture.lifecyclev11.SourcePairsScale004.s5UnknownCapacity(I)V,mapped,extracted,analyzed,,,,,,
scaling_4x_repeated_fixture,java-callable-v1:fixture.lifecyclev11.SourcePairsScale004.s6SupportedExecutor(I)V,,java-callable-v1:fixture.lifecyclev11.SourcePairsScale004.s6SupportedExecutor(I)V,mapped,extracted,analyzed,,,,,,
scaling_4x_repeated_fixture,java-callable-v1:fixture.lifecyclev11.SourcePairsScale004.s6UnresolvedExecutor(I)V,,java-callable-v1:fixture.lifecyclev11.SourcePairsScale004.s6UnresolvedExecutor(I)V,mapped,extracted,analyzed,,,,,,
source_fixture_12_cases,s1-sync,,java-callable-v1:fixture.lifecyclev11.SourcePairsScale001.s1Sync(I)V,mapped,extracted,analyzed,full_and_ablated_comparison_reuses_scaling_1x,,,,,
source_fixture_12_cases,s1-task-wrapped,,java-callable-v1:fixture.lifecyclev11.SourcePairsScale001.s1TaskWrapped(I)V,mapped,extracted,analyzed,full_and_ablated_comparison_reuses_scaling_1x,,,,,
source_fixture_12_cases,s2-task-only,,java-callable-v1:fixture.lifecyclev11.SourcePairsScale001.s2TaskOnly(I)V,mapped,extracted,analyzed,full_and_ablated_comparison_reuses_scaling_1x,,,,,
source_fixture_12_cases,s2-field-holder,,java-callable-v1:fixture.lifecyclev11.SourcePairsScale001.s2FieldHolder(I)V,mapped,extracted,analyzed,full_and_ablated_comparison_reuses_scaling_1x,,,,,
source_fixture_12_cases,s3-all-exits-close,,java-callable-v1:fixture.lifecyclev11.SourcePairsScale001.s3AllExitsClose(I)V,mapped,extracted,analyzed,full_and_ablated_comparison_reuses_scaling_1x,,,,,
source_fixture_12_cases,s3-missing-exceptional-close,,java-callable-v1:fixture.lifecyclev11.SourcePairsScale001.s3MissingExceptionalClose(I)V,mapped,extracted,analyzed,full_and_ablated_comparison_reuses_scaling_1x,,,,,
source_fixture_12_cases,s4-direct,,java-callable-v1:fixture.lifecyclev11.SourcePairsScale001.s4Direct(I)V,mapped,extracted,analyzed,full_and_ablated_comparison_reuses_scaling_1x,,,,,
source_fixture_12_cases,s4-depth-two,,java-callable-v1:fixture.lifecyclev11.SourcePairsScale001.s4DepthTwo(I)V,mapped,extracted,analyzed,full_and_ablated_comparison_reuses_scaling_1x,,,,,
source_fixture_12_cases,s5-verified-capacity,,java-callable-v1:fixture.lifecyclev11.SourcePairsScale001.s5VerifiedCapacity(I)V,mapped,extracted,analyzed,full_and_ablated_comparison_reuses_scaling_1x,,,,,
source_fixture_12_cases,s5-unknown-capacity,,java-callable-v1:fixture.lifecyclev11.SourcePairsScale001.s5UnknownCapacity(I)V,mapped,extracted,analyzed,full_and_ablated_comparison_reuses_scaling_1x,,,,,
source_fixture_12_cases,s6-supported-executor,,java-callable-v1:fixture.lifecyclev11.SourcePairsScale001.s6SupportedExecutor(I)V,mapped,extracted,analyzed,full_and_ablated_comparison_reuses_scaling_1x,,,,,
source_fixture_12_cases,s6-unresolved-executor,,java-callable-v1:fixture.lifecyclev11.SourcePairsScale001.s6UnresolvedExecutor(I)V,mapped,extracted,analyzed,full_and_ablated_comparison_reuses_scaling_1x,,,,,
manual_ir_regression,g01-method-local-end,,,not_applicable,manual_ir,analyzed,separate_manual_model_regression; not_source_extraction,,,,,
manual_ir_regression,g01-extra-field-hold,,,not_applicable,manual_ir,analyzed,separate_manual_model_regression; not_source_extraction,,,,,
manual_ir_regression,g02-single-holder-drop,,,not_applicable,manual_ir,analyzed,separate_manual_model_regression; not_source_extraction,,,,,
manual_ir_regression,g02-multiple-holder-drop,,,not_applicable,manual_ir,analyzed,separate_manual_model_regression; not_source_extraction,,,,,
manual_ir_regression,g03-unique-instance,,,not_applicable,manual_ir,analyzed,separate_manual_model_regression; not_source_extraction,,,,,
manual_ir_regression,g03-summary-instance,,,not_applicable,manual_ir,analyzed,separate_manual_model_regression; not_source_extraction,,,,,
manual_ir_regression,g04-close-handle,,,not_applicable,manual_ir,analyzed,separate_manual_model_regression; not_source_extraction,,,,,
manual_ir_regression,g04-drop-reference,,,not_applicable,manual_ir,analyzed,separate_manual_model_regression; not_source_extraction,,,,,
manual_ir_regression,g05-normal-only-cleanup,,,not_applicable,manual_ir,analyzed,separate_manual_model_regression; not_source_extraction,,,,,
manual_ir_regression,g05-all-exit-cleanup,,,not_applicable,manual_ir,analyzed,separate_manual_model_regression; not_source_extraction,,,,,
manual_ir_regression,g06-request-inline,,,not_applicable,manual_ir,analyzed,separate_manual_model_regression; not_source_extraction,,,,,
manual_ir_regression,g06-task-transfer,,,not_applicable,manual_ir,analyzed,separate_manual_model_regression; not_source_extraction,,,,,
manual_ir_regression,g07-task-dequeue,,,not_applicable,manual_ir,analyzed,separate_manual_model_regression; not_source_extraction,,,,,
manual_ir_regression,g07-task-complete,,,not_applicable,manual_ir,analyzed,separate_manual_model_regression; not_source_extraction,,,,,
manual_ir_regression,g08-submit-success,,,not_applicable,manual_ir,analyzed,separate_manual_model_regression; not_source_extraction,,,,,
manual_ir_regression,g08-submit-rejected,,,not_applicable,manual_ir,analyzed,separate_manual_model_regression; not_source_extraction,,,,,
manual_ir_regression,g09-fixed-replacement,,,not_applicable,manual_ir,analyzed,separate_manual_model_regression; not_source_extraction,,,,,
manual_ir_regression,g09-retain-new-item,,,not_applicable,manual_ir,analyzed,separate_manual_model_regression; not_source_extraction,,,,,
manual_ir_regression,g10-atomic-capacity,,,not_applicable,manual_ir,analyzed,separate_manual_model_regression; not_source_extraction,,,,,
manual_ir_regression,g10-non-atomic-check,,,not_applicable,manual_ir,analyzed,separate_manual_model_regression; not_source_extraction,,,,,
manual_ir_regression,g11-known-item-size,,,not_applicable,manual_ir,analyzed,separate_manual_model_regression; not_source_extraction,,,,,
manual_ir_regression,g11-unknown-item-size,,,not_applicable,manual_ir,analyzed,separate_manual_model_regression; not_source_extraction,,,,,
manual_ir_regression,g12-known-contract,,,not_applicable,manual_ir,analyzed,separate_manual_model_regression; not_source_extraction,,,,,
manual_ir_regression,g12-unknown-call,,,not_applicable,manual_ir,analyzed,separate_manual_model_regression; not_source_extraction,,,,,
