"entry","col1"
"doGet","Framework: servlet | Class: com.autoconfig.ExampleAutoConfiguration$TestServlet | Method: doGet | EntryType: servlet:doGet | Param[0]: req | Type: HttpServletRequest | ValueSpace: Unlimited"
"doGet","Framework: servlet | Class: com.autoconfig.ExampleAutoConfiguration$TestServlet | Method: doGet | EntryType: servlet:doGet | Param[1]: resp | Type: HttpServletResponse | ValueSpace: Unlimited"
"doGet","Framework: servlet | Class: com.example.ResourceHandlingApplication$GetResourcePathsServlet | Method: doGet | EntryType: servlet:doGet | Param[0]: req | Type: HttpServletRequest | ValueSpace: Unlimited"
"doGet","Framework: servlet | Class: com.example.ResourceHandlingApplication$GetResourcePathsServlet | Method: doGet | EntryType: servlet:doGet | Param[1]: resp | Type: HttpServletResponse | ValueSpace: Unlimited"
"doGet","Framework: servlet | Class: com.example.ResourceHandlingApplication$GetResourceServlet | Method: doGet | EntryType: servlet:doGet | Param[0]: req | Type: HttpServletRequest | ValueSpace: Unlimited"
"doGet","Framework: servlet | Class: com.example.ResourceHandlingApplication$GetResourceServlet | Method: doGet | EntryType: servlet:doGet | Param[1]: resp | Type: HttpServletResponse | ValueSpace: Unlimited"
"handleRequest","Framework: undertow | Class: io.undertow.predicate.PredicatesHandler | Method: handleRequest | EntryType: undertow:handler | Param[0]: p0 | Type: HttpServerExchange | ValueSpace: Unlimited"
"handleRequest","Framework: undertow | Class: io.undertow.server.HttpHandler | Method: handleRequest | EntryType: undertow:handler | Param[0]: p0 | Type: HttpServerExchange | ValueSpace: Unlimited"
"handleRequest","Framework: undertow | Class: io.undertow.server.JvmRouteHandler | Method: handleRequest | EntryType: undertow:handler | Param[0]: p0 | Type: HttpServerExchange | ValueSpace: Unlimited"
"handleRequest","Framework: undertow | Class: io.undertow.server.RoutingHandler | Method: handleRequest | EntryType: undertow:handler | Param[0]: p0 | Type: HttpServerExchange | ValueSpace: Unlimited"
"handleRequest","Framework: undertow | Class: io.undertow.server.handlers.AccessControlListHandler | Method: handleRequest | EntryType: undertow:handler | Param[0]: p0 | Type: HttpServerExchange | ValueSpace: Unlimited"
"handleRequest","Framework: undertow | Class: io.undertow.server.handlers.DateHandler | Method: handleRequest | EntryType: undertow:handler | Param[0]: p0 | Type: HttpServerExchange | ValueSpace: Unlimited"
"handleRequest","Framework: undertow | Class: io.undertow.server.handlers.ExceptionHandler | Method: handleRequest | EntryType: undertow:handler | Param[0]: p0 | Type: HttpServerExchange | ValueSpace: Unlimited"
"handleRequest","Framework: undertow | Class: io.undertow.server.handlers.GracefulShutdownHandler | Method: handleRequest | EntryType: undertow:handler | Param[0]: p0 | Type: HttpServerExchange | ValueSpace: Unlimited"
"handleRequest","Framework: undertow | Class: io.undertow.server.handlers.HttpContinueAcceptingHandler | Method: handleRequest | EntryType: undertow:handler | Param[0]: p0 | Type: HttpServerExchange | ValueSpace: Unlimited"
"handleRequest","Framework: undertow | Class: io.undertow.server.handlers.HttpContinueReadHandler | Method: handleRequest | EntryType: undertow:handler | Param[0]: p0 | Type: HttpServerExchange | ValueSpace: Unlimited"
"handleRequest","Framework: undertow | Class: io.undertow.server.handlers.HttpTraceHandler | Method: handleRequest | EntryType: undertow:handler | Param[0]: p0 | Type: HttpServerExchange | ValueSpace: Unlimited"
"handleRequest","Framework: undertow | Class: io.undertow.server.handlers.IPAddressAccessControlHandler | Method: handleRequest | EntryType: undertow:handler | Param[0]: p0 | Type: HttpServerExchange | ValueSpace: Unlimited"
"handleRequest","Framework: undertow | Class: io.undertow.server.handlers.LearningPushHandler | Method: handleRequest | EntryType: undertow:handler | Param[0]: p0 | Type: HttpServerExchange | ValueSpace: Unlimited"
"handleRequest","Framework: undertow | Class: io.undertow.server.handlers.MetricsHandler | Method: handleRequest | EntryType: undertow:handler | Param[0]: p0 | Type: HttpServerExchange | ValueSpace: Unlimited"
"handleRequest","Framework: undertow | Class: io.undertow.server.handlers.NameVirtualHostHandler | Method: handleRequest | EntryType: undertow:handler | Param[0]: p0 | Type: HttpServerExchange | ValueSpace: Unlimited"
"handleRequest","Framework: undertow | Class: io.undertow.server.handlers.PathHandler | Method: handleRequest | EntryType: undertow:handler | Param[0]: p0 | Type: HttpServerExchange | ValueSpace: Unlimited"
"handleRequest","Framework: undertow | Class: io.undertow.server.handlers.PathTemplateHandler | Method: handleRequest | EntryType: undertow:handler | Param[0]: p0 | Type: HttpServerExchange | ValueSpace: Unlimited"
"handleRequest","Framework: undertow | Class: io.undertow.server.handlers.PredicateHandler | Method: handleRequest | EntryType: undertow:handler | Param[0]: p0 | Type: HttpServerExchange | ValueSpace: Unlimited"
"handleRequest","Framework: undertow | Class: io.undertow.server.handlers.ProxyPeerAddressHandler | Method: handleRequest | EntryType: undertow:handler | Param[0]: p0 | Type: HttpServerExchange | ValueSpace: Unlimited"
"handleRequest","Framework: undertow | Class: io.undertow.server.handlers.RedirectHandler | Method: handleRequest | EntryType: undertow:handler | Param[0]: p0 | Type: HttpServerExchange | ValueSpace: Unlimited"
"handleRequest","Framework: undertow | Class: io.undertow.server.handlers.RequestLimitingHandler | Method: handleRequest | EntryType: undertow:handler | Param[0]: p0 | Type: HttpServerExchange | ValueSpace: Unlimited"
"handleRequest","Framework: undertow | Class: io.undertow.server.handlers.ResponseRateLimitingHandler | Method: handleRequest | EntryType: undertow:handler | Param[0]: p0 | Type: HttpServerExchange | ValueSpace: Unlimited"
"handleRequest","Framework: undertow | Class: io.undertow.server.handlers.SetAttributeHandler | Method: handleRequest | EntryType: undertow:handler | Param[0]: p0 | Type: HttpServerExchange | ValueSpace: Unlimited"
"handleRequest","Framework: undertow | Class: io.undertow.server.handlers.SetErrorHandler | Method: handleRequest | EntryType: undertow:handler | Param[0]: p0 | Type: HttpServerExchange | ValueSpace: Unlimited"
"handleRequest","Framework: undertow | Class: io.undertow.server.handlers.SetHeaderHandler | Method: handleRequest | EntryType: undertow:handler | Param[0]: p0 | Type: HttpServerExchange | ValueSpace: Unlimited"
"handleRequest","Framework: undertow | Class: io.undertow.server.handlers.URLDecodingHandler | Method: handleRequest | EntryType: undertow:handler | Param[0]: p0 | Type: HttpServerExchange | ValueSpace: Unlimited"
"handleRequest","Framework: undertow | Class: io.undertow.server.handlers.accesslog.AccessLogHandler | Method: handleRequest | EntryType: undertow:handler | Param[0]: p0 | Type: HttpServerExchange | ValueSpace: Unlimited"
"handleRequest","Framework: undertow | Class: io.undertow.server.handlers.encoding.EncodingHandler | Method: handleRequest | EntryType: undertow:handler | Param[0]: p0 | Type: HttpServerExchange | ValueSpace: Unlimited"
"handleRequest","Framework: undertow | Class: io.undertow.server.handlers.proxy.ProxyHandler | Method: handleRequest | EntryType: undertow:handler | Param[0]: p0 | Type: HttpServerExchange | ValueSpace: Unlimited"
"handleRequest","Framework: undertow | Class: io.undertow.server.handlers.resource.ResourceHandler | Method: handleRequest | EntryType: undertow:handler | Param[0]: p0 | Type: HttpServerExchange | ValueSpace: Unlimited"
"handleRequest","Framework: undertow | Class: io.undertow.server.handlers.sse.ServerSentEventHandler | Method: handleRequest | EntryType: undertow:handler | Param[0]: p0 | Type: HttpServerExchange | ValueSpace: Unlimited"
"doTrace","Framework: servlet | Class: io.undertow.servlet.handlers.DefaultServlet | Method: doTrace | EntryType: servlet:doTrace | Param[0]: p0 | Type: HttpServletRequest | ValueSpace: Unlimited"
"doTrace","Framework: servlet | Class: io.undertow.servlet.handlers.DefaultServlet | Method: doTrace | EntryType: servlet:doTrace | Param[1]: p1 | Type: HttpServletResponse | ValueSpace: Unlimited"
"doOptions","Framework: servlet | Class: io.undertow.servlet.handlers.DefaultServlet | Method: doOptions | EntryType: servlet:doOptions | Param[0]: p0 | Type: HttpServletRequest | ValueSpace: Unlimited"
"doOptions","Framework: servlet | Class: io.undertow.servlet.handlers.DefaultServlet | Method: doOptions | EntryType: servlet:doOptions | Param[1]: p1 | Type: HttpServletResponse | ValueSpace: Unlimited"
"doDelete","Framework: servlet | Class: io.undertow.servlet.handlers.DefaultServlet | Method: doDelete | EntryType: servlet:doDelete | Param[0]: p0 | Type: HttpServletRequest | ValueSpace: Unlimited"
"doDelete","Framework: servlet | Class: io.undertow.servlet.handlers.DefaultServlet | Method: doDelete | EntryType: servlet:doDelete | Param[1]: p1 | Type: HttpServletResponse | ValueSpace: Unlimited"
"doPut","Framework: servlet | Class: io.undertow.servlet.handlers.DefaultServlet | Method: doPut | EntryType: servlet:doPut | Param[0]: p0 | Type: HttpServletRequest | ValueSpace: Unlimited"
"doPut","Framework: servlet | Class: io.undertow.servlet.handlers.DefaultServlet | Method: doPut | EntryType: servlet:doPut | Param[1]: p1 | Type: HttpServletResponse | ValueSpace: Unlimited"
"doPost","Framework: servlet | Class: io.undertow.servlet.handlers.DefaultServlet | Method: doPost | EntryType: servlet:doPost | Param[0]: p0 | Type: HttpServletRequest | ValueSpace: Unlimited"
"doPost","Framework: servlet | Class: io.undertow.servlet.handlers.DefaultServlet | Method: doPost | EntryType: servlet:doPost | Param[1]: p1 | Type: HttpServletResponse | ValueSpace: Unlimited"
"doGet","Framework: servlet | Class: io.undertow.servlet.handlers.DefaultServlet | Method: doGet | EntryType: servlet:doGet | Param[0]: p0 | Type: HttpServletRequest | ValueSpace: Unlimited"
"doGet","Framework: servlet | Class: io.undertow.servlet.handlers.DefaultServlet | Method: doGet | EntryType: servlet:doGet | Param[1]: p1 | Type: HttpServletResponse | ValueSpace: Unlimited"
"handleRequest","Framework: undertow | Class: io.undertow.servlet.handlers.ServletHandler | Method: handleRequest | EntryType: undertow:handler | Param[0]: p0 | Type: HttpServerExchange | ValueSpace: Unlimited"
"handleRequest","Framework: undertow | Class: io.undertow.servlet.handlers.ServletInitialHandler | Method: handleRequest | EntryType: undertow:handler | Param[0]: p0 | Type: HttpServerExchange | ValueSpace: Unlimited"
"handleRequest","Framework: undertow | Class: io.undertow.websockets.WebSocketProtocolHandshakeHandler | Method: handleRequest | EntryType: undertow:handler | Param[0]: p0 | Type: HttpServerExchange | ValueSpace: Unlimited"
"service","Framework: servlet | Class: javax.servlet.http.HttpServlet | Method: service | EntryType: servlet:service | Param[0]: p0 | Type: ServletRequest | ValueSpace: Unlimited"
"service","Framework: servlet | Class: javax.servlet.http.HttpServlet | Method: service | EntryType: servlet:service | Param[1]: p1 | Type: ServletResponse | ValueSpace: Unlimited"
"service","Framework: servlet | Class: javax.servlet.http.HttpServlet | Method: service | EntryType: servlet:service | Param[0]: p0 | Type: HttpServletRequest | ValueSpace: Unlimited"
"service","Framework: servlet | Class: javax.servlet.http.HttpServlet | Method: service | EntryType: servlet:service | Param[1]: p1 | Type: HttpServletResponse | ValueSpace: Unlimited"
"doTrace","Framework: servlet | Class: javax.servlet.http.HttpServlet | Method: doTrace | EntryType: servlet:doTrace | Param[0]: p0 | Type: HttpServletRequest | ValueSpace: Unlimited"
"doTrace","Framework: servlet | Class: javax.servlet.http.HttpServlet | Method: doTrace | EntryType: servlet:doTrace | Param[1]: p1 | Type: HttpServletResponse | ValueSpace: Unlimited"
"doOptions","Framework: servlet | Class: javax.servlet.http.HttpServlet | Method: doOptions | EntryType: servlet:doOptions | Param[0]: p0 | Type: HttpServletRequest | ValueSpace: Unlimited"
"doOptions","Framework: servlet | Class: javax.servlet.http.HttpServlet | Method: doOptions | EntryType: servlet:doOptions | Param[1]: p1 | Type: HttpServletResponse | ValueSpace: Unlimited"
"doDelete","Framework: servlet | Class: javax.servlet.http.HttpServlet | Method: doDelete | EntryType: servlet:doDelete | Param[0]: p0 | Type: HttpServletRequest | ValueSpace: Unlimited"
"doDelete","Framework: servlet | Class: javax.servlet.http.HttpServlet | Method: doDelete | EntryType: servlet:doDelete | Param[1]: p1 | Type: HttpServletResponse | ValueSpace: Unlimited"
"doPut","Framework: servlet | Class: javax.servlet.http.HttpServlet | Method: doPut | EntryType: servlet:doPut | Param[0]: p0 | Type: HttpServletRequest | ValueSpace: Unlimited"
"doPut","Framework: servlet | Class: javax.servlet.http.HttpServlet | Method: doPut | EntryType: servlet:doPut | Param[1]: p1 | Type: HttpServletResponse | ValueSpace: Unlimited"
"doPost","Framework: servlet | Class: javax.servlet.http.HttpServlet | Method: doPost | EntryType: servlet:doPost | Param[0]: p0 | Type: HttpServletRequest | ValueSpace: Unlimited"
"doPost","Framework: servlet | Class: javax.servlet.http.HttpServlet | Method: doPost | EntryType: servlet:doPost | Param[1]: p1 | Type: HttpServletResponse | ValueSpace: Unlimited"
"doHead","Framework: servlet | Class: javax.servlet.http.HttpServlet | Method: doHead | EntryType: servlet:doHead | Param[0]: p0 | Type: HttpServletRequest | ValueSpace: Unlimited"
"doHead","Framework: servlet | Class: javax.servlet.http.HttpServlet | Method: doHead | EntryType: servlet:doHead | Param[1]: p1 | Type: HttpServletResponse | ValueSpace: Unlimited"
"doGet","Framework: servlet | Class: javax.servlet.http.HttpServlet | Method: doGet | EntryType: servlet:doGet | Param[0]: p0 | Type: HttpServletRequest | ValueSpace: Unlimited"
"doGet","Framework: servlet | Class: javax.servlet.http.HttpServlet | Method: doGet | EntryType: servlet:doGet | Param[1]: p1 | Type: HttpServletResponse | ValueSpace: Unlimited"
"service","Framework: servlet | Class: org.apache.jasper.servlet.JspServlet | Method: service | EntryType: servlet:service | Param[0]: p0 | Type: HttpServletRequest | ValueSpace: Unlimited"
"service","Framework: servlet | Class: org.apache.jasper.servlet.JspServlet | Method: service | EntryType: servlet:service | Param[1]: p1 | Type: HttpServletResponse | ValueSpace: Unlimited"
"doPost","Framework: servlet | Class: org.atmosphere.cpr.AtmosphereServlet | Method: doPost | EntryType: servlet:doPost | Param[0]: p0 | Type: HttpServletRequest | ValueSpace: Unlimited"
"doPost","Framework: servlet | Class: org.atmosphere.cpr.AtmosphereServlet | Method: doPost | EntryType: servlet:doPost | Param[1]: p1 | Type: HttpServletResponse | ValueSpace: Unlimited"
"doGet","Framework: servlet | Class: org.atmosphere.cpr.AtmosphereServlet | Method: doGet | EntryType: servlet:doGet | Param[0]: p0 | Type: HttpServletRequest | ValueSpace: Unlimited"
"doGet","Framework: servlet | Class: org.atmosphere.cpr.AtmosphereServlet | Method: doGet | EntryType: servlet:doGet | Param[1]: p1 | Type: HttpServletResponse | ValueSpace: Unlimited"
"doPut","Framework: servlet | Class: org.atmosphere.cpr.AtmosphereServlet | Method: doPut | EntryType: servlet:doPut | Param[0]: p0 | Type: HttpServletRequest | ValueSpace: Unlimited"
"doPut","Framework: servlet | Class: org.atmosphere.cpr.AtmosphereServlet | Method: doPut | EntryType: servlet:doPut | Param[1]: p1 | Type: HttpServletResponse | ValueSpace: Unlimited"
"doDelete","Framework: servlet | Class: org.atmosphere.cpr.AtmosphereServlet | Method: doDelete | EntryType: servlet:doDelete | Param[0]: p0 | Type: HttpServletRequest | ValueSpace: Unlimited"
"doDelete","Framework: servlet | Class: org.atmosphere.cpr.AtmosphereServlet | Method: doDelete | EntryType: servlet:doDelete | Param[1]: p1 | Type: HttpServletResponse | ValueSpace: Unlimited"
"doTrace","Framework: servlet | Class: org.atmosphere.cpr.AtmosphereServlet | Method: doTrace | EntryType: servlet:doTrace | Param[0]: p0 | Type: HttpServletRequest | ValueSpace: Unlimited"
"doTrace","Framework: servlet | Class: org.atmosphere.cpr.AtmosphereServlet | Method: doTrace | EntryType: servlet:doTrace | Param[1]: p1 | Type: HttpServletResponse | ValueSpace: Unlimited"
"doOptions","Framework: servlet | Class: org.atmosphere.cpr.AtmosphereServlet | Method: doOptions | EntryType: servlet:doOptions | Param[0]: p0 | Type: HttpServletRequest | ValueSpace: Unlimited"
"doOptions","Framework: servlet | Class: org.atmosphere.cpr.AtmosphereServlet | Method: doOptions | EntryType: servlet:doOptions | Param[1]: p1 | Type: HttpServletResponse | ValueSpace: Unlimited"
"doHead","Framework: servlet | Class: org.atmosphere.cpr.AtmosphereServlet | Method: doHead | EntryType: servlet:doHead | Param[0]: p0 | Type: HttpServletRequest | ValueSpace: Unlimited"
"doHead","Framework: servlet | Class: org.atmosphere.cpr.AtmosphereServlet | Method: doHead | EntryType: servlet:doHead | Param[1]: p1 | Type: HttpServletResponse | ValueSpace: Unlimited"
"handle","Framework: jetty | Class: org.eclipse.jetty.security.SecurityHandler | Method: handle | EntryType: jetty:handler | Param[0]: p0 | Type: String | ValueSpace: Unlimited"
"handle","Framework: jetty | Class: org.eclipse.jetty.security.SecurityHandler | Method: handle | EntryType: jetty:handler | Param[3]: p3 | Type: HttpServletResponse | ValueSpace: Unlimited"
"handle","Framework: jetty | Class: org.eclipse.jetty.security.SecurityHandler | Method: handle | EntryType: jetty:handler | Param[2]: p2 | Type: HttpServletRequest | ValueSpace: Unlimited"
"handle","Framework: jetty | Class: org.eclipse.jetty.security.SecurityHandler | Method: handle | EntryType: jetty:handler | Param[1]: p1 | Type: Request | ValueSpace: Unlimited"
"handle","Framework: jetty | Class: org.eclipse.jetty.server.handler.AbstractHandler | Method: handle | EntryType: jetty:handler | Param[0]: p0 | Type: String | ValueSpace: Unlimited"
"handle","Framework: jetty | Class: org.eclipse.jetty.server.handler.AbstractHandler | Method: handle | EntryType: jetty:handler | Param[3]: p3 | Type: HttpServletResponse | ValueSpace: Unlimited"
"handle","Framework: jetty | Class: org.eclipse.jetty.server.handler.AbstractHandler | Method: handle | EntryType: jetty:handler | Param[2]: p2 | Type: HttpServletRequest | ValueSpace: Unlimited"
"handle","Framework: jetty | Class: org.eclipse.jetty.server.handler.AbstractHandler | Method: handle | EntryType: jetty:handler | Param[1]: p1 | Type: Request | ValueSpace: Unlimited"
"handle","Framework: jetty | Class: org.eclipse.jetty.server.handler.ErrorHandler | Method: handle | EntryType: jetty:handler | Param[0]: p0 | Type: String | ValueSpace: Unlimited"
"handle","Framework: jetty | Class: org.eclipse.jetty.server.handler.ErrorHandler | Method: handle | EntryType: jetty:handler | Param[3]: p3 | Type: HttpServletResponse | ValueSpace: Unlimited"
"handle","Framework: jetty | Class: org.eclipse.jetty.server.handler.ErrorHandler | Method: handle | EntryType: jetty:handler | Param[2]: p2 | Type: HttpServletRequest | ValueSpace: Unlimited"
"handle","Framework: jetty | Class: org.eclipse.jetty.server.handler.ErrorHandler | Method: handle | EntryType: jetty:handler | Param[1]: p1 | Type: Request | ValueSpace: Unlimited"
"handle","Framework: jetty | Class: org.eclipse.jetty.server.handler.HandlerCollection | Method: handle | EntryType: jetty:handler | Param[0]: p0 | Type: String | ValueSpace: Unlimited"
"handle","Framework: jetty | Class: org.eclipse.jetty.server.handler.HandlerCollection | Method: handle | EntryType: jetty:handler | Param[3]: p3 | Type: HttpServletResponse | ValueSpace: Unlimited"
"handle","Framework: jetty | Class: org.eclipse.jetty.server.handler.HandlerCollection | Method: handle | EntryType: jetty:handler | Param[2]: p2 | Type: HttpServletRequest | ValueSpace: Unlimited"
"handle","Framework: jetty | Class: org.eclipse.jetty.server.handler.HandlerCollection | Method: handle | EntryType: jetty:handler | Param[1]: p1 | Type: Request | ValueSpace: Unlimited"
"handle","Framework: jetty | Class: org.eclipse.jetty.server.handler.HandlerWrapper | Method: handle | EntryType: jetty:handler | Param[0]: p0 | Type: String | ValueSpace: Unlimited"
"handle","Framework: jetty | Class: org.eclipse.jetty.server.handler.HandlerWrapper | Method: handle | EntryType: jetty:handler | Param[3]: p3 | Type: HttpServletResponse | ValueSpace: Unlimited"
"handle","Framework: jetty | Class: org.eclipse.jetty.server.handler.HandlerWrapper | Method: handle | EntryType: jetty:handler | Param[2]: p2 | Type: HttpServletRequest | ValueSpace: Unlimited"
"handle","Framework: jetty | Class: org.eclipse.jetty.server.handler.HandlerWrapper | Method: handle | EntryType: jetty:handler | Param[1]: p1 | Type: Request | ValueSpace: Unlimited"
"handle","Framework: jetty | Class: org.eclipse.jetty.server.handler.ScopedHandler | Method: handle | EntryType: jetty:handler | Param[0]: p0 | Type: String | ValueSpace: Unlimited"
"handle","Framework: jetty | Class: org.eclipse.jetty.server.handler.ScopedHandler | Method: handle | EntryType: jetty:handler | Param[3]: p3 | Type: HttpServletResponse | ValueSpace: Unlimited"
"handle","Framework: jetty | Class: org.eclipse.jetty.server.handler.ScopedHandler | Method: handle | EntryType: jetty:handler | Param[2]: p2 | Type: HttpServletRequest | ValueSpace: Unlimited"
"handle","Framework: jetty | Class: org.eclipse.jetty.server.handler.ScopedHandler | Method: handle | EntryType: jetty:handler | Param[1]: p1 | Type: Request | ValueSpace: Unlimited"
"handle","Framework: jetty | Class: org.eclipse.jetty.server.handler.StatisticsHandler | Method: handle | EntryType: jetty:handler | Param[0]: p0 | Type: String | ValueSpace: Unlimited"
"handle","Framework: jetty | Class: org.eclipse.jetty.server.handler.StatisticsHandler | Method: handle | EntryType: jetty:handler | Param[3]: p3 | Type: HttpServletResponse | ValueSpace: Unlimited"
"handle","Framework: jetty | Class: org.eclipse.jetty.server.handler.StatisticsHandler | Method: handle | EntryType: jetty:handler | Param[2]: p2 | Type: HttpServletRequest | ValueSpace: Unlimited"
"handle","Framework: jetty | Class: org.eclipse.jetty.server.handler.StatisticsHandler | Method: handle | EntryType: jetty:handler | Param[1]: p1 | Type: Request | ValueSpace: Unlimited"
"handle","Framework: jetty | Class: org.eclipse.jetty.server.handler.gzip.GzipHandler | Method: handle | EntryType: jetty:handler | Param[0]: p0 | Type: String | ValueSpace: Unlimited"
"handle","Framework: jetty | Class: org.eclipse.jetty.server.handler.gzip.GzipHandler | Method: handle | EntryType: jetty:handler | Param[3]: p3 | Type: HttpServletResponse | ValueSpace: Unlimited"
"handle","Framework: jetty | Class: org.eclipse.jetty.server.handler.gzip.GzipHandler | Method: handle | EntryType: jetty:handler | Param[2]: p2 | Type: HttpServletRequest | ValueSpace: Unlimited"
"handle","Framework: jetty | Class: org.eclipse.jetty.server.handler.gzip.GzipHandler | Method: handle | EntryType: jetty:handler | Param[1]: p1 | Type: Request | ValueSpace: Unlimited"
"service","Framework: servlet | Class: org.glassfish.jersey.servlet.ServletContainer | Method: service | EntryType: servlet:service | Param[0]: p0 | Type: HttpServletRequest | ValueSpace: Unlimited"
"service","Framework: servlet | Class: org.glassfish.jersey.servlet.ServletContainer | Method: service | EntryType: servlet:service | Param[1]: p1 | Type: HttpServletResponse | ValueSpace: Unlimited"
"service","Framework: servlet | Class: org.glassfish.jersey.servlet.ServletContainer | Method: service | EntryType: servlet:service | Param[0]: p0 | Type: ServletRequest | ValueSpace: Unlimited"
"service","Framework: servlet | Class: org.glassfish.jersey.servlet.ServletContainer | Method: service | EntryType: servlet:service | Param[1]: p1 | Type: ServletResponse | ValueSpace: Unlimited"
"doPost","Framework: servlet | Class: org.h2.server.web.WebServlet | Method: doPost | EntryType: servlet:doPost | Param[0]: p0 | Type: HttpServletRequest | ValueSpace: Unlimited"
"doPost","Framework: servlet | Class: org.h2.server.web.WebServlet | Method: doPost | EntryType: servlet:doPost | Param[1]: p1 | Type: HttpServletResponse | ValueSpace: Unlimited"
"doGet","Framework: servlet | Class: org.h2.server.web.WebServlet | Method: doGet | EntryType: servlet:doGet | Param[0]: p0 | Type: HttpServletRequest | ValueSpace: Unlimited"
"doGet","Framework: servlet | Class: org.h2.server.web.WebServlet | Method: doGet | EntryType: servlet:doGet | Param[1]: p1 | Type: HttpServletResponse | ValueSpace: Unlimited"
"doOptions","Framework: servlet | Class: org.jolokia.http.AgentServlet | Method: doOptions | EntryType: servlet:doOptions | Param[0]: p0 | Type: HttpServletRequest | ValueSpace: Unlimited"
"doOptions","Framework: servlet | Class: org.jolokia.http.AgentServlet | Method: doOptions | EntryType: servlet:doOptions | Param[1]: p1 | Type: HttpServletResponse | ValueSpace: Unlimited"
"doPost","Framework: servlet | Class: org.jolokia.http.AgentServlet | Method: doPost | EntryType: servlet:doPost | Param[0]: p0 | Type: HttpServletRequest | ValueSpace: Unlimited"
"doPost","Framework: servlet | Class: org.jolokia.http.AgentServlet | Method: doPost | EntryType: servlet:doPost | Param[1]: p1 | Type: HttpServletResponse | ValueSpace: Unlimited"
"doGet","Framework: servlet | Class: org.jolokia.http.AgentServlet | Method: doGet | EntryType: servlet:doGet | Param[0]: p0 | Type: HttpServletRequest | ValueSpace: Unlimited"
"doGet","Framework: servlet | Class: org.jolokia.http.AgentServlet | Method: doGet | EntryType: servlet:doGet | Param[1]: p1 | Type: HttpServletResponse | ValueSpace: Unlimited"
"getUser","Framework: jaxrs | Class: org.springframework.boot.actuate.autoconfigure.metrics.jersey.JerseyServerMetricsAutoConfigurationTests$ResourceConfiguration$TestResource | Method: getUser | EntryType: jaxrs:resource | Param[0]: id | Type: String | ValueSpace: Unlimited"
"invoke","Framework: spring | Class: org.springframework.boot.actuate.autoconfigure.web.servlet.ManagementErrorEndpoint | Method: invoke | EntryType: spring:controller | Param[0]: request | Type: ServletWebRequest | ValueSpace: Unlimited"
"asyncCallable","Framework: spring | Class: org.springframework.boot.actuate.metrics.web.servlet.LongTaskTimingHandlerInterceptorTests$Controller1 | Method: asyncCallable | EntryType: spring:controller | Param[0]: id | Type: Long | ValueSpace: Unlimited"
"asyncCallable","Framework: spring | Class: org.springframework.boot.actuate.metrics.web.servlet.LongTaskTimingHandlerInterceptorTests$Controller1 | Method: asyncCallable | EntryType: spring:controller | Param[0]: id | Type: Long | ValueSpace: Limited"
"successful","Framework: spring | Class: org.springframework.boot.actuate.metrics.web.servlet.WebMvcMetricsFilterAutoTimedTests$Controller | Method: successful | EntryType: spring:controller | Param[0]: id | Type: Long | ValueSpace: Unlimited"
"successful","Framework: spring | Class: org.springframework.boot.actuate.metrics.web.servlet.WebMvcMetricsFilterAutoTimedTests$Controller | Method: successful | EntryType: spring:controller | Param[0]: id | Type: Long | ValueSpace: Limited"
"meta","Framework: spring | Class: org.springframework.boot.actuate.metrics.web.servlet.WebMvcMetricsFilterTests$Controller1 | Method: meta | EntryType: spring:controller | Param[0]: id | Type: String | ValueSpace: Unlimited"
"histogram","Framework: spring | Class: org.springframework.boot.actuate.metrics.web.servlet.WebMvcMetricsFilterTests$Controller1 | Method: histogram | EntryType: spring:controller | Param[0]: id | Type: String | ValueSpace: Unlimited"
"percentiles","Framework: spring | Class: org.springframework.boot.actuate.metrics.web.servlet.WebMvcMetricsFilterTests$Controller1 | Method: percentiles | EntryType: spring:controller | Param[0]: id | Type: String | ValueSpace: Unlimited"
"successfulRegex","Framework: spring | Class: org.springframework.boot.actuate.metrics.web.servlet.WebMvcMetricsFilterTests$Controller1 | Method: successfulRegex | EntryType: spring:controller | Param[0]: id | Type: String | ValueSpace: Unlimited"
"alwaysThrowsUnhandledException","Framework: spring | Class: org.springframework.boot.actuate.metrics.web.servlet.WebMvcMetricsFilterTests$Controller1 | Method: alwaysThrowsUnhandledException | EntryType: spring:controller | Param[0]: id | Type: Long | ValueSpace: Unlimited"
"alwaysThrowsUnhandledException","Framework: spring | Class: org.springframework.boot.actuate.metrics.web.servlet.WebMvcMetricsFilterTests$Controller1 | Method: alwaysThrowsUnhandledException | EntryType: spring:controller | Param[0]: id | Type: Long | ValueSpace: Limited"
"alwaysThrowsAnonymousException","Framework: spring | Class: org.springframework.boot.actuate.metrics.web.servlet.WebMvcMetricsFilterTests$Controller1 | Method: alwaysThrowsAnonymousException | EntryType: spring:controller | Param[0]: id | Type: Long | ValueSpace: Unlimited"
"alwaysThrowsAnonymousException","Framework: spring | Class: org.springframework.boot.actuate.metrics.web.servlet.WebMvcMetricsFilterTests$Controller1 | Method: alwaysThrowsAnonymousException | EntryType: spring:controller | Param[0]: id | Type: Long | ValueSpace: Limited"
"alwaysThrowsException","Framework: spring | Class: org.springframework.boot.actuate.metrics.web.servlet.WebMvcMetricsFilterTests$Controller1 | Method: alwaysThrowsException | EntryType: spring:controller | Param[0]: id | Type: Long | ValueSpace: Unlimited"
"alwaysThrowsException","Framework: spring | Class: org.springframework.boot.actuate.metrics.web.servlet.WebMvcMetricsFilterTests$Controller1 | Method: alwaysThrowsException | EntryType: spring:controller | Param[0]: id | Type: Long | ValueSpace: Limited"
"successfulButUntimed","Framework: spring | Class: org.springframework.boot.actuate.metrics.web.servlet.WebMvcMetricsFilterTests$Controller1 | Method: successfulButUntimed | EntryType: spring:controller | Param[0]: id | Type: Long | ValueSpace: Unlimited"
"successfulButUntimed","Framework: spring | Class: org.springframework.boot.actuate.metrics.web.servlet.WebMvcMetricsFilterTests$Controller1 | Method: successfulButUntimed | EntryType: spring:controller | Param[0]: id | Type: Long | ValueSpace: Limited"
"asyncCompletableFuture","Framework: spring | Class: org.springframework.boot.actuate.metrics.web.servlet.WebMvcMetricsFilterTests$Controller1 | Method: asyncCompletableFuture | EntryType: spring:controller | Param[0]: id | Type: Long | ValueSpace: Unlimited"
"asyncCompletableFuture","Framework: spring | Class: org.springframework.boot.actuate.metrics.web.servlet.WebMvcMetricsFilterTests$Controller1 | Method: asyncCompletableFuture | EntryType: spring:controller | Param[0]: id | Type: Long | ValueSpace: Limited"
"asyncCallable","Framework: spring | Class: org.springframework.boot.actuate.metrics.web.servlet.WebMvcMetricsFilterTests$Controller1 | Method: asyncCallable | EntryType: spring:controller | Param[0]: id | Type: Long | ValueSpace: Unlimited"
"asyncCallable","Framework: spring | Class: org.springframework.boot.actuate.metrics.web.servlet.WebMvcMetricsFilterTests$Controller1 | Method: asyncCallable | EntryType: spring:controller | Param[0]: id | Type: Long | ValueSpace: Limited"
"simpleMapping","Framework: spring | Class: org.springframework.boot.actuate.metrics.web.servlet.WebMvcMetricsFilterTests$Controller1 | Method: simpleMapping | EntryType: spring:controller | Param[0]: id | Type: Long | ValueSpace: Unlimited"
"simpleMapping","Framework: spring | Class: org.springframework.boot.actuate.metrics.web.servlet.WebMvcMetricsFilterTests$Controller1 | Method: simpleMapping | EntryType: spring:controller | Param[0]: id | Type: Long | ValueSpace: Limited"
"successfulWithExtraTags","Framework: spring | Class: org.springframework.boot.actuate.metrics.web.servlet.WebMvcMetricsFilterTests$Controller1 | Method: successfulWithExtraTags | EntryType: spring:controller | Param[0]: id | Type: Long | ValueSpace: Unlimited"
"successfulWithExtraTags","Framework: spring | Class: org.springframework.boot.actuate.metrics.web.servlet.WebMvcMetricsFilterTests$Controller1 | Method: successfulWithExtraTags | EntryType: spring:controller | Param[0]: id | Type: Long | ValueSpace: Limited"
"successful","Framework: spring | Class: org.springframework.boot.actuate.metrics.web.servlet.WebMvcMetricsFilterTests$Controller2 | Method: successful | EntryType: spring:controller | Param[0]: id | Type: Long | ValueSpace: Unlimited"
"successful","Framework: spring | Class: org.springframework.boot.actuate.metrics.web.servlet.WebMvcMetricsFilterTests$Controller2 | Method: successful | EntryType: spring:controller | Param[0]: id | Type: Long | ValueSpace: Limited"
"layout","Framework: spring | Class: org.springframework.boot.autoconfigure.mustache.MustacheAutoConfigurationReactiveIntegrationTests$Application | Method: layout | EntryType: spring:controller | Param[0]: model | Type: Model | ValueSpace: Unlimited"
"home","Framework: spring | Class: org.springframework.boot.autoconfigure.mustache.MustacheAutoConfigurationReactiveIntegrationTests$Application | Method: home | EntryType: spring:controller | Param[0]: model | Type: Model | ValueSpace: Unlimited"
"layout","Framework: spring | Class: org.springframework.boot.autoconfigure.mustache.MustacheAutoConfigurationServletIntegrationTests$Application | Method: layout | EntryType: spring:controller | Param[0]: model | Type: Map<String,Object> | ValueSpace: Unlimited"
"home","Framework: spring | Class: org.springframework.boot.autoconfigure.mustache.MustacheAutoConfigurationServletIntegrationTests$Application | Method: home | EntryType: spring:controller | Param[0]: model | Type: Map<String,Object> | ValueSpace: Unlimited"
"bodyValidation","Framework: spring | Class: org.springframework.boot.autoconfigure.web.reactive.error.DefaultErrorWebExceptionHandlerIntegrationTests$Application$ErrorController | Method: bodyValidation | EntryType: spring:controller | Param[0]: body | Type: DummyBody | ValueSpace: Unlimited"
"commit","Framework: spring | Class: org.springframework.boot.autoconfigure.web.reactive.error.DefaultErrorWebExceptionHandlerIntegrationTests$Application$ErrorController | Method: commit | EntryType: spring:controller | Param[0]: exchange | Type: ServerWebExchange | ValueSpace: Unlimited"
"error","Framework: spring | Class: org.springframework.boot.autoconfigure.web.servlet.error.BasicErrorController | Method: error | EntryType: spring:controller | Param[0]: request | Type: HttpServletRequest | ValueSpace: Unlimited"
"errorHtml","Framework: spring | Class: org.springframework.boot.autoconfigure.web.servlet.error.BasicErrorController | Method: errorHtml | EntryType: spring:controller | Param[0]: request | Type: HttpServletRequest | ValueSpace: Unlimited"
"errorHtml","Framework: spring | Class: org.springframework.boot.autoconfigure.web.servlet.error.BasicErrorController | Method: errorHtml | EntryType: spring:controller | Param[1]: response | Type: HttpServletResponse | ValueSpace: Unlimited"
"bodyValidation","Framework: spring | Class: org.springframework.boot.autoconfigure.web.servlet.error.BasicErrorControllerIntegrationTests$TestConfiguration$Errors | Method: bodyValidation | EntryType: spring:controller | Param[0]: body | Type: DummyBody | ValueSpace: Unlimited"
"deleteUser","Framework: spring | Class: org.springframework.boot.docs.web.reactive.webflux.MyRestController | Method: deleteUser | EntryType: spring:controller | Param[0]: userId | Type: Long | ValueSpace: Unlimited"
"deleteUser","Framework: spring | Class: org.springframework.boot.docs.web.reactive.webflux.MyRestController | Method: deleteUser | EntryType: spring:controller | Param[0]: userId | Type: Long | ValueSpace: Limited"
"getUserCustomers","Framework: spring | Class: org.springframework.boot.docs.web.reactive.webflux.MyRestController | Method: getUserCustomers | EntryType: spring:controller | Param[0]: userId | Type: Long | ValueSpace: Unlimited"
"getUserCustomers","Framework: spring | Class: org.springframework.boot.docs.web.reactive.webflux.MyRestController | Method: getUserCustomers | EntryType: spring:controller | Param[0]: userId | Type: Long | ValueSpace: Limited"
"getUser","Framework: spring | Class: org.springframework.boot.docs.web.reactive.webflux.MyRestController | Method: getUser | EntryType: spring:controller | Param[0]: userId | Type: Long | ValueSpace: Unlimited"
"getUser","Framework: spring | Class: org.springframework.boot.docs.web.reactive.webflux.MyRestController | Method: getUser | EntryType: spring:controller | Param[0]: userId | Type: Long | ValueSpace: Limited"
"deleteUser","Framework: spring | Class: org.springframework.boot.docs.web.servlet.springmvc.MyRestController | Method: deleteUser | EntryType: spring:controller | Param[0]: userId | Type: Long | ValueSpace: Unlimited"
"deleteUser","Framework: spring | Class: org.springframework.boot.docs.web.servlet.springmvc.MyRestController | Method: deleteUser | EntryType: spring:controller | Param[0]: userId | Type: Long | ValueSpace: Limited"
"getUserCustomers","Framework: spring | Class: org.springframework.boot.docs.web.servlet.springmvc.MyRestController | Method: getUserCustomers | EntryType: spring:controller | Param[0]: userId | Type: Long | ValueSpace: Unlimited"
"getUserCustomers","Framework: spring | Class: org.springframework.boot.docs.web.servlet.springmvc.MyRestController | Method: getUserCustomers | EntryType: spring:controller | Param[0]: userId | Type: Long | ValueSpace: Limited"
"getUser","Framework: spring | Class: org.springframework.boot.docs.web.servlet.springmvc.MyRestController | Method: getUser | EntryType: spring:controller | Param[0]: userId | Type: Long | ValueSpace: Unlimited"
"getUser","Framework: spring | Class: org.springframework.boot.docs.web.servlet.springmvc.MyRestController | Method: getUser | EntryType: spring:controller | Param[0]: userId | Type: Long | ValueSpace: Limited"
"two","Framework: spring | Class: org.springframework.boot.test.autoconfigure.web.reactive.webclient.ExampleController2 | Method: two | EntryType: spring:controller | Param[0]: id | Type: ExampleId | ValueSpace: Unlimited"
"paged","Framework: spring | Class: org.springframework.boot.test.autoconfigure.web.servlet.mockmvc.ExampleController2 | Method: paged | EntryType: spring:controller | Param[0]: pageable | Type: Pageable | ValueSpace: Unlimited"
"two","Framework: spring | Class: org.springframework.boot.test.autoconfigure.web.servlet.mockmvc.ExampleController2 | Method: two | EntryType: spring:controller | Param[0]: id | Type: ExampleId | ValueSpace: Unlimited"
"two","Framework: spring | Class: org.springframework.boot.test.autoconfigure.web.servlet.mockmvc.ExampleController2 | Method: two | EntryType: spring:controller | Param[0]: argument | Type: ExampleArgument | ValueSpace: Unlimited"
"three","Framework: spring | Class: org.springframework.boot.test.autoconfigure.web.servlet.mockmvc.ExampleController3 | Method: three | EntryType: spring:controller | Param[0]: id | Type: String | ValueSpace: Unlimited"
"handle","Framework: jetty | Class: org.springframework.boot.web.embedded.jetty.JettyEmbeddedErrorHandler | Method: handle | EntryType: jetty:handler | Param[0]: target | Type: String | ValueSpace: Unlimited"
"handle","Framework: jetty | Class: org.springframework.boot.web.embedded.jetty.JettyEmbeddedErrorHandler | Method: handle | EntryType: jetty:handler | Param[3]: response | Type: HttpServletResponse | ValueSpace: Unlimited"
"handle","Framework: jetty | Class: org.springframework.boot.web.embedded.jetty.JettyEmbeddedErrorHandler | Method: handle | EntryType: jetty:handler | Param[2]: request | Type: HttpServletRequest | ValueSpace: Unlimited"
"handle","Framework: jetty | Class: org.springframework.boot.web.embedded.jetty.JettyEmbeddedErrorHandler | Method: handle | EntryType: jetty:handler | Param[1]: baseRequest | Type: Request | ValueSpace: Unlimited"
"handle","Framework: jetty | Class: org.springframework.boot.web.embedded.jetty.JettyHandlerWrappers$ServerHeaderHandler | Method: handle | EntryType: jetty:handler | Param[0]: target | Type: String | ValueSpace: Unlimited"
"handle","Framework: jetty | Class: org.springframework.boot.web.embedded.jetty.JettyHandlerWrappers$ServerHeaderHandler | Method: handle | EntryType: jetty:handler | Param[3]: response | Type: HttpServletResponse | ValueSpace: Unlimited"
"handle","Framework: jetty | Class: org.springframework.boot.web.embedded.jetty.JettyHandlerWrappers$ServerHeaderHandler | Method: handle | EntryType: jetty:handler | Param[2]: request | Type: HttpServletRequest | ValueSpace: Unlimited"
"handle","Framework: jetty | Class: org.springframework.boot.web.embedded.jetty.JettyHandlerWrappers$ServerHeaderHandler | Method: handle | EntryType: jetty:handler | Param[1]: baseRequest | Type: Request | ValueSpace: Unlimited"
"handle","Framework: jetty | Class: org.springframework.boot.web.embedded.jetty.JettyServletWebServerFactory$SuppliedSameSiteCookieHandlerWrapper | Method: handle | EntryType: jetty:handler | Param[0]: target | Type: String | ValueSpace: Unlimited"
"handle","Framework: jetty | Class: org.springframework.boot.web.embedded.jetty.JettyServletWebServerFactory$SuppliedSameSiteCookieHandlerWrapper | Method: handle | EntryType: jetty:handler | Param[3]: response | Type: HttpServletResponse | ValueSpace: Unlimited"
"handle","Framework: jetty | Class: org.springframework.boot.web.embedded.jetty.JettyServletWebServerFactory$SuppliedSameSiteCookieHandlerWrapper | Method: handle | EntryType: jetty:handler | Param[2]: request | Type: HttpServletRequest | ValueSpace: Unlimited"
"handle","Framework: jetty | Class: org.springframework.boot.web.embedded.jetty.JettyServletWebServerFactory$SuppliedSameSiteCookieHandlerWrapper | Method: handle | EntryType: jetty:handler | Param[1]: baseRequest | Type: Request | ValueSpace: Unlimited"
"handleRequest","Framework: undertow | Class: org.springframework.boot.web.embedded.undertow.DeploymentManagerHttpHandlerFactory$DeploymentManagerHandler | Method: handleRequest | EntryType: undertow:handler | Param[0]: exchange | Type: HttpServerExchange | ValueSpace: Unlimited"
"handleRequest","Framework: undertow | Class: org.springframework.boot.web.embedded.undertow.UndertowServletWebServerFactory$SuppliedSameSiteCookieHandler | Method: handleRequest | EntryType: undertow:handler | Param[0]: exchange | Type: HttpServerExchange | ValueSpace: Unlimited"
"doGet","Framework: servlet | Class: org.springframework.boot.web.servlet.server.AbstractServletWebServerFactoryTests$BlockingAsyncServlet | Method: doGet | EntryType: servlet:doGet | Param[0]: req | Type: HttpServletRequest | ValueSpace: Unlimited"
"doGet","Framework: servlet | Class: org.springframework.boot.web.servlet.server.AbstractServletWebServerFactoryTests$BlockingAsyncServlet | Method: doGet | EntryType: servlet:doGet | Param[1]: resp | Type: HttpServletResponse | ValueSpace: Unlimited"
"doGet","Framework: servlet | Class: org.springframework.boot.web.servlet.server.AbstractServletWebServerFactoryTests$BlockingServlet | Method: doGet | EntryType: servlet:doGet | Param[0]: req | Type: HttpServletRequest | ValueSpace: Unlimited"
"doGet","Framework: servlet | Class: org.springframework.boot.web.servlet.server.AbstractServletWebServerFactoryTests$BlockingServlet | Method: doGet | EntryType: servlet:doGet | Param[1]: resp | Type: HttpServletResponse | ValueSpace: Unlimited"
"doGet","Framework: servlet | Class: org.springframework.boot.web.servlet.server.AbstractServletWebServerFactoryTests$CookieServlet | Method: doGet | EntryType: servlet:doGet | Param[0]: req | Type: HttpServletRequest | ValueSpace: Unlimited"
"doGet","Framework: servlet | Class: org.springframework.boot.web.servlet.server.AbstractServletWebServerFactoryTests$CookieServlet | Method: doGet | EntryType: servlet:doGet | Param[1]: resp | Type: HttpServletResponse | ValueSpace: Unlimited"
"doGet","Framework: servlet | Class: org.springframework.boot.web.servlet.testcomponents.TestServlet | Method: doGet | EntryType: servlet:doGet | Param[0]: req | Type: HttpServletRequest | ValueSpace: Unlimited"
"doGet","Framework: servlet | Class: org.springframework.boot.web.servlet.testcomponents.TestServlet | Method: doGet | EntryType: servlet:doGet | Param[1]: resp | Type: HttpServletResponse | ValueSpace: Unlimited"
"handleRequest","Framework: undertow | Class: org.springframework.http.server.reactive.UndertowHttpHandlerAdapter | Method: handleRequest | EntryType: undertow:handler | Param[0]: p0 | Type: HttpServerExchange | ValueSpace: Unlimited"
"service","Framework: servlet | Class: org.springframework.test.web.servlet.TestDispatcherServlet | Method: service | EntryType: servlet:service | Param[0]: p0 | Type: HttpServletRequest | ValueSpace: Unlimited"
"service","Framework: servlet | Class: org.springframework.test.web.servlet.TestDispatcherServlet | Method: service | EntryType: servlet:service | Param[1]: p1 | Type: HttpServletResponse | ValueSpace: Unlimited"
"doTrace","Framework: servlet | Class: org.springframework.web.servlet.FrameworkServlet | Method: doTrace | EntryType: servlet:doTrace | Param[0]: p0 | Type: HttpServletRequest | ValueSpace: Unlimited"
"doTrace","Framework: servlet | Class: org.springframework.web.servlet.FrameworkServlet | Method: doTrace | EntryType: servlet:doTrace | Param[1]: p1 | Type: HttpServletResponse | ValueSpace: Unlimited"
"doOptions","Framework: servlet | Class: org.springframework.web.servlet.FrameworkServlet | Method: doOptions | EntryType: servlet:doOptions | Param[0]: p0 | Type: HttpServletRequest | ValueSpace: Unlimited"
"doOptions","Framework: servlet | Class: org.springframework.web.servlet.FrameworkServlet | Method: doOptions | EntryType: servlet:doOptions | Param[1]: p1 | Type: HttpServletResponse | ValueSpace: Unlimited"
"doDelete","Framework: servlet | Class: org.springframework.web.servlet.FrameworkServlet | Method: doDelete | EntryType: servlet:doDelete | Param[0]: p0 | Type: HttpServletRequest | ValueSpace: Unlimited"
"doDelete","Framework: servlet | Class: org.springframework.web.servlet.FrameworkServlet | Method: doDelete | EntryType: servlet:doDelete | Param[1]: p1 | Type: HttpServletResponse | ValueSpace: Unlimited"
"doPut","Framework: servlet | Class: org.springframework.web.servlet.FrameworkServlet | Method: doPut | EntryType: servlet:doPut | Param[0]: p0 | Type: HttpServletRequest | ValueSpace: Unlimited"
"doPut","Framework: servlet | Class: org.springframework.web.servlet.FrameworkServlet | Method: doPut | EntryType: servlet:doPut | Param[1]: p1 | Type: HttpServletResponse | ValueSpace: Unlimited"
"doPost","Framework: servlet | Class: org.springframework.web.servlet.FrameworkServlet | Method: doPost | EntryType: servlet:doPost | Param[0]: p0 | Type: HttpServletRequest | ValueSpace: Unlimited"
"doPost","Framework: servlet | Class: org.springframework.web.servlet.FrameworkServlet | Method: doPost | EntryType: servlet:doPost | Param[1]: p1 | Type: HttpServletResponse | ValueSpace: Unlimited"
"doGet","Framework: servlet | Class: org.springframework.web.servlet.FrameworkServlet | Method: doGet | EntryType: servlet:doGet | Param[0]: p0 | Type: HttpServletRequest | ValueSpace: Unlimited"
"doGet","Framework: servlet | Class: org.springframework.web.servlet.FrameworkServlet | Method: doGet | EntryType: servlet:doGet | Param[1]: p1 | Type: HttpServletResponse | ValueSpace: Unlimited"
"service","Framework: servlet | Class: org.springframework.web.servlet.FrameworkServlet | Method: service | EntryType: servlet:service | Param[0]: p0 | Type: HttpServletRequest | ValueSpace: Unlimited"
"service","Framework: servlet | Class: org.springframework.web.servlet.FrameworkServlet | Method: service | EntryType: servlet:service | Param[1]: p1 | Type: HttpServletResponse | ValueSpace: Unlimited"
"olleh","Framework: spring | Class: smoketest.actuator.SampleController | Method: olleh | EntryType: spring:controller | Param[0]: message | Type: Message | ValueSpace: Unlimited"
"home","Framework: spring | Class: smoketest.actuator.customsecurity.ExampleController | Method: home | EntryType: spring:controller | Param[0]: model | Type: Map<String,Object> | ValueSpace: Unlimited"
"home","Framework: spring | Class: smoketest.actuator.ui.SampleActuatorUiApplication | Method: home | EntryType: spring:controller | Param[0]: model | Type: Map<String,Object> | ValueSpace: Unlimited"
"customers","Framework: spring | Class: smoketest.data.jdbc.SampleController | Method: customers | EntryType: spring:controller | Param[0]: name | Type: String | ValueSpace: Unlimited"
"findCityById","Framework: spring | Class: smoketest.data.r2dbc.CityController | Method: findCityById | EntryType: spring:controller | Param[0]: id | Type: long | ValueSpace: Unlimited"
"findCityById","Framework: spring | Class: smoketest.data.r2dbc.CityController | Method: findCityById | EntryType: spring:controller | Param[0]: id | Type: long | ValueSpace: Limited"
"welcome","Framework: spring | Class: smoketest.freemarker.WelcomeController | Method: welcome | EntryType: spring:controller | Param[0]: model | Type: Map<String,Object> | ValueSpace: Unlimited"
"create","Framework: spring | Class: smoketest.groovytemplates.mvc.MessageController | Method: create | EntryType: spring:controller | Param[0]: message | Type: Message | ValueSpace: Unlimited"
"create","Framework: spring | Class: smoketest.groovytemplates.mvc.MessageController | Method: create | EntryType: spring:controller | Param[2]: redirect | Type: RedirectAttributes | ValueSpace: Unlimited"
"create","Framework: spring | Class: smoketest.groovytemplates.mvc.MessageController | Method: create | EntryType: spring:controller | Param[1]: result | Type: BindingResult | ValueSpace: Unlimited"
"createForm","Framework: spring | Class: smoketest.groovytemplates.mvc.MessageController | Method: createForm | EntryType: spring:controller | Param[0]: message | Type: Message | ValueSpace: Unlimited"
"view","Framework: spring | Class: smoketest.groovytemplates.mvc.MessageController | Method: view | EntryType: spring:controller | Param[0]: message | Type: Message | ValueSpace: Unlimited"
"showCustomer","Framework: spring | Class: smoketest.hateoas.web.CustomerController | Method: showCustomer | EntryType: spring:controller | Param[0]: id | Type: Long | ValueSpace: Unlimited"
"showCustomer","Framework: spring | Class: smoketest.hateoas.web.CustomerController | Method: showCustomer | EntryType: spring:controller | Param[0]: id | Type: Long | ValueSpace: Limited"
"reverse","Framework: jaxrs | Class: smoketest.jersey.ReverseEndpoint | Method: reverse | EntryType: jaxrs:resource | Param[0]: input | Type: String | ValueSpace: Unlimited"
"welcome","Framework: spring | Class: smoketest.jetty.jsp.WelcomeController | Method: welcome | EntryType: spring:controller | Param[0]: model | Type: Map<String,Object> | ValueSpace: Unlimited"
"foo","Framework: spring | Class: smoketest.jsp.WelcomeController | Method: foo | EntryType: spring:controller | Param[0]: model | Type: Map<String,Object> | ValueSpace: Unlimited"
"welcome","Framework: spring | Class: smoketest.jsp.WelcomeController | Method: welcome | EntryType: spring:controller | Param[0]: model | Type: Map<String,Object> | ValueSpace: Unlimited"
"welcome","Framework: spring | Class: smoketest.mustache.WelcomeController | Method: welcome | EntryType: spring:controller | Param[0]: model | Type: Map<String,Object> | ValueSpace: Unlimited"
"email","Framework: spring | Class: smoketest.oauth2.client.ExampleController | Method: email | EntryType: spring:controller | Param[0]: principal | Type: Principal | ValueSpace: Unlimited"
"index","Framework: spring | Class: smoketest.oauth2.resource.ExampleController | Method: index | EntryType: spring:controller | Param[0]: jwt | Type: Jwt | ValueSpace: Unlimited"
"email","Framework: spring | Class: smoketest.saml2.serviceprovider.ExampleController | Method: email | EntryType: spring:controller | Param[0]: principal | Type: Principal | ValueSpace: Unlimited"
"reverse","Framework: jaxrs | Class: smoketest.secure.jersey.ReverseEndpoint | Method: reverse | EntryType: jaxrs:resource | Param[0]: input | Type: String | ValueSpace: Unlimited"
"welcome","Framework: spring | Class: smoketest.secure.webflux.WelcomeController | Method: welcome | EntryType: spring:controller | Param[0]: principal | Type: Principal | ValueSpace: Unlimited"
"uid","Framework: spring | Class: smoketest.session.HelloRestController | Method: uid | EntryType: spring:controller | Param[0]: session | Type: HttpSession | ValueSpace: Unlimited"
"VehicleDetailsHtml","Framework: spring | Class: smoketest.test.web.UserVehicleController | Method: VehicleDetailsHtml | EntryType: spring:controller | Param[0]: username | Type: String | ValueSpace: Unlimited"
"VehicleDetailsJson","Framework: spring | Class: smoketest.test.web.UserVehicleController | Method: VehicleDetailsJson | EntryType: spring:controller | Param[0]: username | Type: String | ValueSpace: Unlimited"
"getVehicleDetailsText","Framework: spring | Class: smoketest.test.web.UserVehicleController | Method: getVehicleDetailsText | EntryType: spring:controller | Param[0]: username | Type: String | ValueSpace: Unlimited"
"welcome","Framework: spring | Class: smoketest.tomcat.jsp.WelcomeController | Method: welcome | EntryType: spring:controller | Param[0]: model | Type: Map<String,Object> | ValueSpace: Unlimited"
"modifyForm","Framework: spring | Class: smoketest.web.thymeleaf.mvc.MessageController | Method: modifyForm | EntryType: spring:controller | Param[0]: message | Type: Message | ValueSpace: Unlimited"
"delete","Framework: spring | Class: smoketest.web.thymeleaf.mvc.MessageController | Method: delete | EntryType: spring:controller | Param[0]: id | Type: Long | ValueSpace: Unlimited"
"delete","Framework: spring | Class: smoketest.web.thymeleaf.mvc.MessageController | Method: delete | EntryType: spring:controller | Param[0]: id | Type: Long | ValueSpace: Limited"
"create","Framework: spring | Class: smoketest.web.thymeleaf.mvc.MessageController | Method: create | EntryType: spring:controller | Param[0]: message | Type: Message | ValueSpace: Unlimited"
"create","Framework: spring | Class: smoketest.web.thymeleaf.mvc.MessageController | Method: create | EntryType: spring:controller | Param[2]: redirect | Type: RedirectAttributes | ValueSpace: Unlimited"
"create","Framework: spring | Class: smoketest.web.thymeleaf.mvc.MessageController | Method: create | EntryType: spring:controller | Param[1]: result | Type: BindingResult | ValueSpace: Unlimited"
"createForm","Framework: spring | Class: smoketest.web.thymeleaf.mvc.MessageController | Method: createForm | EntryType: spring:controller | Param[0]: message | Type: Message | ValueSpace: Unlimited"
"view","Framework: spring | Class: smoketest.web.thymeleaf.mvc.MessageController | Method: view | EntryType: spring:controller | Param[0]: message | Type: Message | ValueSpace: Unlimited"
"handleRequest","Framework: undertow | Class: <anonymous class> | Method: handleRequest | EntryType: undertow:handler | Param[0]: exchange | Type: HttpServerExchange | ValueSpace: Unlimited"
"doPost","Framework: servlet | Class: <anonymous class> | Method: doPost | EntryType: servlet:doPost | Param[0]: req | Type: HttpServletRequest | ValueSpace: Unlimited"
"doPost","Framework: servlet | Class: <anonymous class> | Method: doPost | EntryType: servlet:doPost | Param[1]: resp | Type: HttpServletResponse | ValueSpace: Unlimited"
"service","Framework: servlet | Class: <anonymous class> | Method: service | EntryType: servlet:service | Param[0]: req | Type: HttpServletRequest | ValueSpace: Unlimited"
"service","Framework: servlet | Class: <anonymous class> | Method: service | EntryType: servlet:service | Param[1]: resp | Type: HttpServletResponse | ValueSpace: Unlimited"
"service","Framework: servlet | Class: <anonymous class> | Method: service | EntryType: servlet:service | Param[0]: req | Type: HttpServletRequest | ValueSpace: Unlimited"
"service","Framework: servlet | Class: <anonymous class> | Method: service | EntryType: servlet:service | Param[1]: resp | Type: HttpServletResponse | ValueSpace: Unlimited"
"service","Framework: servlet | Class: <anonymous class> | Method: service | EntryType: servlet:service | Param[0]: req | Type: HttpServletRequest | ValueSpace: Unlimited"
"service","Framework: servlet | Class: <anonymous class> | Method: service | EntryType: servlet:service | Param[1]: resp | Type: HttpServletResponse | ValueSpace: Unlimited"
"doGet","Framework: servlet | Class: <anonymous class> | Method: doGet | EntryType: servlet:doGet | Param[0]: req | Type: HttpServletRequest | ValueSpace: Unlimited"
"doGet","Framework: servlet | Class: <anonymous class> | Method: doGet | EntryType: servlet:doGet | Param[1]: resp | Type: HttpServletResponse | ValueSpace: Unlimited"
"doPost","Framework: servlet | Class: <anonymous class> | Method: doPost | EntryType: servlet:doPost | Param[0]: req | Type: HttpServletRequest | ValueSpace: Unlimited"
"doPost","Framework: servlet | Class: <anonymous class> | Method: doPost | EntryType: servlet:doPost | Param[1]: resp | Type: HttpServletResponse | ValueSpace: Unlimited"
"doGet","Framework: servlet | Class: <anonymous class> | Method: doGet | EntryType: servlet:doGet | Param[0]: req | Type: HttpServletRequest | ValueSpace: Unlimited"
"doGet","Framework: servlet | Class: <anonymous class> | Method: doGet | EntryType: servlet:doGet | Param[1]: resp | Type: HttpServletResponse | ValueSpace: Unlimited"
