framework,entry_fqn,entry_file,entry_line,sink_kind,sink_file,sink_line,key_kind,container_kind,axis_r,axis_v,axis_m,axis_c,axis_l,verdict_drd,verdict,evidence
servlet,SessionExample.doPost,webapps/examples/WEB-INF/classes/SessionExample.java,158,session_attribute,webapps/examples/WEB-INF/classes/SessionExample.java,93,unknown,session,Open,Unlimited,Amplifiable,Bounded,ProcessLifetime,Context-Constrained,Context-Constrained,HttpSession.setAttribute
servlet,SessionExample.doGet,webapps/examples/WEB-INF/classes/SessionExample.java,44,session_attribute,webapps/examples/WEB-INF/classes/SessionExample.java,93,unknown,session,Open,Unlimited,Amplifiable,Bounded,ProcessLifetime,Context-Constrained,Context-Constrained,HttpSession.setAttribute
servlet,async.AsyncStockServlet.service,webapps/examples/WEB-INF/classes/async/AsyncStockServlet.java,55,container_add,webapps/examples/WEB-INF/classes/async/AsyncStockServlet.java,63,unknown,static_container,Open,Unlimited,Amplifiable,Unbounded,ProcessLifetime,Unconstrained,Unconstrained,ConcurrentLinkedQueue<AsyncContext>.add
servlet,org.apache.catalina.core.TestApplicationContext$SetAttributeServlet.doGet,test/org/apache/catalina/core/TestApplicationContext.java,290,servlet_context_attribute,test/org/apache/catalina/core/TestApplicationContext.java,297,constant,servlet_context,Open,Limited,CallerBounded,Unbounded,ProcessLifetime,Unexploitable,Unexploitable,ServletContext.setAttribute
servlet,org.apache.catalina.core.TestApplicationHttpRequest$ModifyParameterServlet.doGet,test/org/apache/catalina/core/TestApplicationHttpRequest.java,355,container_put,test/org/apache/catalina/core/TestApplicationHttpRequest.java,360,constant,static_container,Open,Limited,CallerBounded,Unbounded,ProcessLifetime,Unexploitable,Unexploitable,Map<>.put
servlet,org.apache.catalina.core.TestAsyncContextImpl$AsyncStashServlet.doGet,test/org/apache/catalina/core/TestAsyncContextImpl.java,2325,servlet_context_attribute,test/org/apache/catalina/core/TestAsyncContextImpl.java,2332,unknown,servlet_context,Open,Unlimited,Amplifiable,Unbounded,ProcessLifetime,Unconstrained,Unconstrained,ServletContext.setAttribute
servlet,org.apache.catalina.ha.context.TestReplicatedContext$AccessContextServlet.doGet,test/org/apache/catalina/ha/context/TestReplicatedContext.java,67,servlet_context_attribute,test/org/apache/catalina/ha/context/TestReplicatedContext.java,68,constant,servlet_context,Open,Limited,CallerBounded,Unbounded,ProcessLifetime,Unexploitable,Unexploitable,ServletContext.setAttribute
servlet,org.apache.catalina.nonblocking.TestNonBlockingAPI$DelayedNBWriteServlet.doGet,test/org/apache/catalina/nonblocking/TestNonBlockingAPI.java,1587,container_add,test/org/apache/catalina/nonblocking/TestNonBlockingAPI.java,1593,unknown,static_container,Open,Unlimited,Amplifiable,Unbounded,Evicted,Time-Constrained,Time-Constrained,Set<Emitter>.add
servlet,org.apache.catalina.servlets.CGIServlet.doOptions,java/org/apache/catalina/servlets/CGIServlet.java,574,container_add,java/org/apache/catalina/servlets/CGIServlet.java,578,unknown,static_container,Open,Unlimited,Amplifiable,PerElementUnbounded,ProcessLifetime,Unconstrained,Unconstrained,Set<String>.addAll
servlet,org.apache.catalina.servlets.CGIServlet.doOptions,java/org/apache/catalina/servlets/CGIServlet.java,574,container_add,java/org/apache/catalina/servlets/CGIServlet.java,579,unknown,static_container,Open,Unlimited,Amplifiable,PerElementUnbounded,ProcessLifetime,Unconstrained,Unconstrained,Set<String>.addAll
servlet,org.apache.catalina.servlets.WebdavServlet.doPut,java/org/apache/catalina/servlets/WebdavServlet.java,1330,container_add,java/org/apache/catalina/servlets/WebdavServlet.java,695,unknown,static_container,Open,Unlimited,Amplifiable,Unbounded,Evicted,Time-Constrained,Time-Constrained,ArrayList<String>.add
servlet,org.apache.catalina.servlets.WebdavServlet.doPut,java/org/apache/catalina/servlets/WebdavServlet.java,1330,container_add,java/org/apache/catalina/servlets/WebdavServlet.java,705,unknown,static_container,Open,Unlimited,Amplifiable,Unbounded,Evicted,Time-Constrained,Time-Constrained,ArrayList<String>.add
servlet,org.apache.catalina.servlets.WebdavServlet.doDelete,java/org/apache/catalina/servlets/WebdavServlet.java,1311,container_add,java/org/apache/catalina/servlets/WebdavServlet.java,695,unknown,static_container,Open,Unlimited,Amplifiable,Unbounded,Evicted,Time-Constrained,Time-Constrained,ArrayList<String>.add
servlet,org.apache.catalina.servlets.WebdavServlet.doDelete,java/org/apache/catalina/servlets/WebdavServlet.java,1311,container_add,java/org/apache/catalina/servlets/WebdavServlet.java,705,unknown,static_container,Open,Unlimited,Amplifiable,Unbounded,Evicted,Time-Constrained,Time-Constrained,ArrayList<String>.add
servlet,org.apache.catalina.servlets.WebdavServlet.doDelete,java/org/apache/catalina/servlets/WebdavServlet.java,1311,container_put,java/org/apache/catalina/servlets/WebdavServlet.java,2417,request_derived,static_container,Open,Unlimited,Amplifiable,Unbounded,ProcessLifetime,Unconstrained,Unconstrained,"Map<String,Integer>.put"
servlet,org.apache.catalina.servlets.WebdavServlet.service,java/org/apache/catalina/servlets/WebdavServlet.java,587,container_add,java/org/apache/catalina/servlets/WebdavServlet.java,925,unknown,static_container,Open,Unlimited,Amplifiable,Bounded,ProcessLifetime,Context-Constrained,Context-Constrained,List<Node>.add
servlet,org.apache.catalina.servlets.WebdavServlet.service,java/org/apache/catalina/servlets/WebdavServlet.java,587,container_add,java/org/apache/catalina/servlets/WebdavServlet.java,1159,unknown,static_container,Open,Unlimited,Amplifiable,PerElementUnbounded,ProcessLifetime,Unconstrained,Unconstrained,ArrayList<ProppatchOperation>.add
servlet,org.apache.catalina.servlets.WebdavServlet.service,java/org/apache/catalina/servlets/WebdavServlet.java,587,container_add,java/org/apache/catalina/servlets/WebdavServlet.java,1181,unknown,static_container,Open,Unlimited,Amplifiable,PerElementUnbounded,ProcessLifetime,Unconstrained,Unconstrained,ArrayList<ProppatchOperation>.add
servlet,org.apache.catalina.servlets.WebdavServlet.service,java/org/apache/catalina/servlets/WebdavServlet.java,587,container_add,java/org/apache/catalina/servlets/WebdavServlet.java,1664,unknown,static_container,Open,Unlimited,Amplifiable,Bounded,Evicted,Context-Constrained,Context-Constrained,List<String>.add
servlet,org.apache.catalina.servlets.WebdavServlet.service,java/org/apache/catalina/servlets/WebdavServlet.java,587,container_add,java/org/apache/catalina/servlets/WebdavServlet.java,1739,unknown,static_container,Open,Unlimited,Amplifiable,Bounded,Evicted,Context-Constrained,Context-Constrained,List<String>.add
servlet,org.apache.catalina.servlets.WebdavServlet.service,java/org/apache/catalina/servlets/WebdavServlet.java,587,container_put,java/org/apache/catalina/servlets/WebdavServlet.java,1727,unknown,static_container,Open,Unlimited,Amplifiable,Bounded,Evicted,Context-Constrained,Context-Constrained,"ConcurrentHashMap<String,LockInfo>.put"
servlet,org.apache.catalina.servlets.WebdavServlet.service,java/org/apache/catalina/servlets/WebdavServlet.java,587,container_put,java/org/apache/catalina/servlets/WebdavServlet.java,1737,unknown,static_container,Open,Unlimited,Amplifiable,Bounded,Evicted,Context-Constrained,Context-Constrained,"ConcurrentHashMap<String,LockInfo>.put"
servlet,org.apache.catalina.servlets.WebdavServlet.service,java/org/apache/catalina/servlets/WebdavServlet.java,587,container_put,java/org/apache/catalina/servlets/WebdavServlet.java,1740,unknown,static_container,Open,Unlimited,Amplifiable,Bounded,Evicted,Context-Constrained,Context-Constrained,"ConcurrentHashMap<String,LockInfo>.put"
servlet,org.apache.catalina.valves.TestAccessLogValve$TesterServlet.doGet,test/org/apache/catalina/valves/TestAccessLogValve.java,260,session_attribute,test/org/apache/catalina/valves/TestAccessLogValve.java,264,constant,session,Open,Limited,CallerBounded,Unbounded,ProcessLifetime,Unexploitable,Unexploitable,HttpSession.setAttribute
servlet,org.apache.coyote.ajp.TestAbstractAjpProcessor$ReadBodyServlet.doPost,test/org/apache/coyote/ajp/TestAbstractAjpProcessor.java,1082,container_add,test/org/apache/coyote/ajp/TestAbstractAjpProcessor.java,1098,unknown,static_container,Open,Unlimited,Amplifiable,Unbounded,ProcessLifetime,Unconstrained,Unconstrained,List<Integer>.add
servlet,org.apache.coyote.ajp.TestAbstractAjpProcessor$ReadBodyServlet.doPost,test/org/apache/coyote/ajp/TestAbstractAjpProcessor.java,1082,container_add,test/org/apache/coyote/ajp/TestAbstractAjpProcessor.java,1099,unknown,static_container,Open,Unlimited,Amplifiable,Unbounded,ProcessLifetime,Unconstrained,Unconstrained,List<Integer>.add
servlet,org.apache.coyote.ajp.TestAbstractAjpProcessor$ReadBodyServlet.doGet,test/org/apache/coyote/ajp/TestAbstractAjpProcessor.java,1077,container_add,test/org/apache/coyote/ajp/TestAbstractAjpProcessor.java,1098,unknown,static_container,Open,Unlimited,Amplifiable,Unbounded,ProcessLifetime,Unconstrained,Unconstrained,List<Integer>.add
servlet,org.apache.coyote.ajp.TestAbstractAjpProcessor$ReadBodyServlet.doGet,test/org/apache/coyote/ajp/TestAbstractAjpProcessor.java,1077,container_add,test/org/apache/coyote/ajp/TestAbstractAjpProcessor.java,1099,unknown,static_container,Open,Unlimited,Amplifiable,Unbounded,ProcessLifetime,Unconstrained,Unconstrained,List<Integer>.add
servlet,org.apache.coyote.http2.TestStandardSessionIntegrationHttp2$SessionServlet.doGet,test/org/apache/coyote/http2/TestStandardSessionIntegrationHttp2.java,124,session_attribute,test/org/apache/coyote/http2/TestStandardSessionIntegrationHttp2.java,141,constant,session,Open,Limited,CallerBounded,Unbounded,ProcessLifetime,Unexploitable,Unexploitable,HttpSession.setAttribute
servlet,<anonymous class>.doGet,test/org/apache/catalina/valves/TestExtendedAccessLogValve.java,120,session_attribute,test/org/apache/catalina/valves/TestExtendedAccessLogValve.java,122,constant,session,Open,Limited,CallerBounded,Unbounded,ProcessLifetime,Unexploitable,Unexploitable,HttpSession.setAttribute
servlet,<anonymous class>.doGet,test/org/apache/catalina/valves/TestExtendedAccessLogValve.java,120,servlet_context_attribute,test/org/apache/catalina/valves/TestExtendedAccessLogValve.java,121,constant,servlet_context,Open,Limited,CallerBounded,Unbounded,ProcessLifetime,Unexploitable,Unexploitable,ServletContext.setAttribute
servlet,org.springframework.boot.web.servlet.server.AbstractServletWebServerFactoryTests$BlockingAsyncServlet.doGet,spring-boot-project/spring-boot/src/test/java/org/springframework/boot/web/servlet/server/AbstractServletWebServerFactoryTests.java,1634,container_add,spring-boot-project/spring-boot/src/test/java/org/springframework/boot/web/servlet/server/AbstractServletWebServerFactoryTests.java,1636,unknown,static_container,Open,Unlimited,Amplifiable,Unbounded,ProcessLifetime,Unconstrained,Unconstrained,BlockingQueue<Blocker>.add
servlet,org.springframework.boot.web.servlet.server.AbstractServletWebServerFactoryTests$BlockingServlet.doGet,spring-boot-project/spring-boot/src/test/java/org/springframework/boot/web/servlet/server/AbstractServletWebServerFactoryTests.java,1605,container_add,spring-boot-project/spring-boot/src/test/java/org/springframework/boot/web/servlet/server/AbstractServletWebServerFactoryTests.java,1607,unknown,static_container,Open,Unlimited,Amplifiable,Unbounded,ProcessLifetime,Unconstrained,Unconstrained,BlockingQueue<Blocker>.add
spring,org.springframework.boot.autoconfigure.mustache.MustacheAutoConfigurationServletIntegrationTests$Application.layout,spring-boot-project/spring-boot-autoconfigure/src/test/java/org/springframework/boot/autoconfigure/mustache/MustacheAutoConfigurationServletIntegrationTests.java,108,container_put,spring-boot-project/spring-boot-autoconfigure/src/test/java/org/springframework/boot/autoconfigure/mustache/MustacheAutoConfigurationServletIntegrationTests.java,109,constant,static_container,Open,Limited,CallerBounded,Unbounded,ProcessLifetime,Unexploitable,Unexploitable,"Map<String,Object>.put"
spring,org.springframework.boot.autoconfigure.mustache.MustacheAutoConfigurationServletIntegrationTests$Application.layout,spring-boot-project/spring-boot-autoconfigure/src/test/java/org/springframework/boot/autoconfigure/mustache/MustacheAutoConfigurationServletIntegrationTests.java,108,container_put,spring-boot-project/spring-boot-autoconfigure/src/test/java/org/springframework/boot/autoconfigure/mustache/MustacheAutoConfigurationServletIntegrationTests.java,110,constant,static_container,Open,Limited,CallerBounded,Unbounded,ProcessLifetime,Unexploitable,Unexploitable,"Map<String,Object>.put"
spring,org.springframework.boot.autoconfigure.mustache.MustacheAutoConfigurationServletIntegrationTests$Application.layout,spring-boot-project/spring-boot-autoconfigure/src/test/java/org/springframework/boot/autoconfigure/mustache/MustacheAutoConfigurationServletIntegrationTests.java,108,container_put,spring-boot-project/spring-boot-autoconfigure/src/test/java/org/springframework/boot/autoconfigure/mustache/MustacheAutoConfigurationServletIntegrationTests.java,111,constant,static_container,Open,Limited,CallerBounded,Unbounded,ProcessLifetime,Unexploitable,Unexploitable,"Map<String,Object>.put"
spring,org.springframework.boot.autoconfigure.mustache.MustacheAutoConfigurationServletIntegrationTests$Application.home,spring-boot-project/spring-boot-autoconfigure/src/test/java/org/springframework/boot/autoconfigure/mustache/MustacheAutoConfigurationServletIntegrationTests.java,100,container_put,spring-boot-project/spring-boot-autoconfigure/src/test/java/org/springframework/boot/autoconfigure/mustache/MustacheAutoConfigurationServletIntegrationTests.java,101,constant,static_container,Open,Limited,CallerBounded,Unbounded,ProcessLifetime,Unexploitable,Unexploitable,"Map<String,Object>.put"
spring,org.springframework.boot.autoconfigure.mustache.MustacheAutoConfigurationServletIntegrationTests$Application.home,spring-boot-project/spring-boot-autoconfigure/src/test/java/org/springframework/boot/autoconfigure/mustache/MustacheAutoConfigurationServletIntegrationTests.java,100,container_put,spring-boot-project/spring-boot-autoconfigure/src/test/java/org/springframework/boot/autoconfigure/mustache/MustacheAutoConfigurationServletIntegrationTests.java,102,constant,static_container,Open,Limited,CallerBounded,Unbounded,ProcessLifetime,Unexploitable,Unexploitable,"Map<String,Object>.put"
spring,org.springframework.boot.autoconfigure.mustache.MustacheAutoConfigurationServletIntegrationTests$Application.home,spring-boot-project/spring-boot-autoconfigure/src/test/java/org/springframework/boot/autoconfigure/mustache/MustacheAutoConfigurationServletIntegrationTests.java,100,container_put,spring-boot-project/spring-boot-autoconfigure/src/test/java/org/springframework/boot/autoconfigure/mustache/MustacheAutoConfigurationServletIntegrationTests.java,103,constant,static_container,Open,Limited,CallerBounded,Unbounded,ProcessLifetime,Unexploitable,Unexploitable,"Map<String,Object>.put"
spring,org.springframework.boot.test.autoconfigure.restdocs.RestDocsTestController.index,spring-boot-project/spring-boot-test-autoconfigure/src/test/java/org/springframework/boot/test/autoconfigure/restdocs/RestDocsTestController.java,33,container_put,spring-boot-project/spring-boot-test-autoconfigure/src/test/java/org/springframework/boot/test/autoconfigure/restdocs/RestDocsTestController.java,36,constant,static_container,Open,Limited,CallerBounded,Unbounded,ProcessLifetime,Unexploitable,Unexploitable,"Map<String,String>.put"
spring,org.springframework.boot.test.autoconfigure.restdocs.RestDocsTestController.index,spring-boot-project/spring-boot-test-autoconfigure/src/test/java/org/springframework/boot/test/autoconfigure/restdocs/RestDocsTestController.java,33,container_put,spring-boot-project/spring-boot-test-autoconfigure/src/test/java/org/springframework/boot/test/autoconfigure/restdocs/RestDocsTestController.java,37,constant,static_container,Open,Limited,CallerBounded,Unbounded,ProcessLifetime,Unexploitable,Unexploitable,"Map<String,Object>.put"
spring,smoketest.actuator.SampleController.olleh,spring-boot-tests/spring-boot-smoke-tests/spring-boot-smoke-test-actuator/src/main/java/smoketest/actuator/SampleController.java,53,container_put,spring-boot-tests/spring-boot-smoke-tests/spring-boot-smoke-test-actuator/src/main/java/smoketest/actuator/SampleController.java,55,constant,static_container,Open,Limited,CallerBounded,Unbounded,ProcessLifetime,Unexploitable,Unexploitable,"Map<String,Object>.put"
spring,smoketest.actuator.SampleController.olleh,spring-boot-tests/spring-boot-smoke-tests/spring-boot-smoke-test-actuator/src/main/java/smoketest/actuator/SampleController.java,53,container_put,spring-boot-tests/spring-boot-smoke-tests/spring-boot-smoke-test-actuator/src/main/java/smoketest/actuator/SampleController.java,56,constant,static_container,Open,Limited,CallerBounded,Unbounded,ProcessLifetime,Unexploitable,Unexploitable,"Map<String,Object>.put"
spring,smoketest.actuator.SampleController.olleh,spring-boot-tests/spring-boot-smoke-tests/spring-boot-smoke-test-actuator/src/main/java/smoketest/actuator/SampleController.java,53,container_put,spring-boot-tests/spring-boot-smoke-tests/spring-boot-smoke-test-actuator/src/main/java/smoketest/actuator/SampleController.java,57,constant,static_container,Open,Limited,CallerBounded,Unbounded,ProcessLifetime,Unexploitable,Unexploitable,"Map<String,Object>.put"
spring,smoketest.actuator.customsecurity.ExampleController.home,spring-boot-tests/spring-boot-smoke-tests/spring-boot-smoke-test-actuator-custom-security/src/main/java/smoketest/actuator/customsecurity/ExampleController.java,30,container_put,spring-boot-tests/spring-boot-smoke-tests/spring-boot-smoke-test-actuator-custom-security/src/main/java/smoketest/actuator/customsecurity/ExampleController.java,31,constant,static_container,Open,Limited,CallerBounded,Unbounded,ProcessLifetime,Unexploitable,Unexploitable,"Map<String,Object>.put"
spring,smoketest.actuator.customsecurity.ExampleController.home,spring-boot-tests/spring-boot-smoke-tests/spring-boot-smoke-test-actuator-custom-security/src/main/java/smoketest/actuator/customsecurity/ExampleController.java,30,container_put,spring-boot-tests/spring-boot-smoke-tests/spring-boot-smoke-test-actuator-custom-security/src/main/java/smoketest/actuator/customsecurity/ExampleController.java,32,constant,static_container,Open,Limited,CallerBounded,Unbounded,ProcessLifetime,Unexploitable,Unexploitable,"Map<String,Object>.put"
spring,smoketest.actuator.customsecurity.ExampleController.home,spring-boot-tests/spring-boot-smoke-tests/spring-boot-smoke-test-actuator-custom-security/src/main/java/smoketest/actuator/customsecurity/ExampleController.java,30,container_put,spring-boot-tests/spring-boot-smoke-tests/spring-boot-smoke-test-actuator-custom-security/src/main/java/smoketest/actuator/customsecurity/ExampleController.java,33,constant,static_container,Open,Limited,CallerBounded,Unbounded,ProcessLifetime,Unexploitable,Unexploitable,"Map<String,Object>.put"
spring,smoketest.actuator.ui.SampleActuatorUiApplication.home,spring-boot-tests/spring-boot-smoke-tests/spring-boot-smoke-test-actuator-ui/src/main/java/smoketest/actuator/ui/SampleActuatorUiApplication.java,33,container_put,spring-boot-tests/spring-boot-smoke-tests/spring-boot-smoke-test-actuator-ui/src/main/java/smoketest/actuator/ui/SampleActuatorUiApplication.java,34,constant,static_container,Open,Limited,CallerBounded,Unbounded,ProcessLifetime,Unexploitable,Unexploitable,"Map<String,Object>.put"
spring,smoketest.actuator.ui.SampleActuatorUiApplication.home,spring-boot-tests/spring-boot-smoke-tests/spring-boot-smoke-test-actuator-ui/src/main/java/smoketest/actuator/ui/SampleActuatorUiApplication.java,33,container_put,spring-boot-tests/spring-boot-smoke-tests/spring-boot-smoke-test-actuator-ui/src/main/java/smoketest/actuator/ui/SampleActuatorUiApplication.java,35,constant,static_container,Open,Limited,CallerBounded,Unbounded,ProcessLifetime,Unexploitable,Unexploitable,"Map<String,Object>.put"
spring,smoketest.actuator.ui.SampleActuatorUiApplication.home,spring-boot-tests/spring-boot-smoke-tests/spring-boot-smoke-test-actuator-ui/src/main/java/smoketest/actuator/ui/SampleActuatorUiApplication.java,33,container_put,spring-boot-tests/spring-boot-smoke-tests/spring-boot-smoke-test-actuator-ui/src/main/java/smoketest/actuator/ui/SampleActuatorUiApplication.java,36,constant,static_container,Open,Limited,CallerBounded,Unbounded,ProcessLifetime,Unexploitable,Unexploitable,"Map<String,Object>.put"
spring,smoketest.freemarker.WelcomeController.welcome,spring-boot-tests/spring-boot-smoke-tests/spring-boot-smoke-test-web-freemarker/src/main/java/smoketest/freemarker/WelcomeController.java,33,container_put,spring-boot-tests/spring-boot-smoke-tests/spring-boot-smoke-test-web-freemarker/src/main/java/smoketest/freemarker/WelcomeController.java,34,constant,static_container,Open,Limited,CallerBounded,Unbounded,ProcessLifetime,Unexploitable,Unexploitable,"Map<String,Object>.put"
spring,smoketest.freemarker.WelcomeController.welcome,spring-boot-tests/spring-boot-smoke-tests/spring-boot-smoke-test-web-freemarker/src/main/java/smoketest/freemarker/WelcomeController.java,33,container_put,spring-boot-tests/spring-boot-smoke-tests/spring-boot-smoke-test-web-freemarker/src/main/java/smoketest/freemarker/WelcomeController.java,35,constant,static_container,Open,Limited,CallerBounded,Unbounded,ProcessLifetime,Unexploitable,Unexploitable,"Map<String,Object>.put"
spring,smoketest.hateoas.web.CustomerController.showCustomers,spring-boot-tests/spring-boot-smoke-tests/spring-boot-smoke-test-hateoas/src/main/java/smoketest/hateoas/web/CustomerController.java,50,container_add,spring-boot-tests/spring-boot-smoke-tests/spring-boot-smoke-test-hateoas/src/main/java/smoketest/hateoas/web/CustomerController.java,52,unknown,static_container,Open,Uncontrollable,Amplifiable,Unbounded,ProcessLifetime,Unexploitable,Unexploitable,RepresentationModel<CollectionModel<Customer>>.add
spring,smoketest.jetty.jsp.WelcomeController.welcome,spring-boot-tests/spring-boot-smoke-tests/spring-boot-smoke-test-jetty-jsp/src/main/java/smoketest/jetty/jsp/WelcomeController.java,37,container_put,spring-boot-tests/spring-boot-smoke-tests/spring-boot-smoke-test-jetty-jsp/src/main/java/smoketest/jetty/jsp/WelcomeController.java,38,constant,static_container,Open,Limited,CallerBounded,Unbounded,ProcessLifetime,Unexploitable,Unexploitable,"Map<String,Object>.put"
spring,smoketest.jetty.jsp.WelcomeController.welcome,spring-boot-tests/spring-boot-smoke-tests/spring-boot-smoke-test-jetty-jsp/src/main/java/smoketest/jetty/jsp/WelcomeController.java,37,container_put,spring-boot-tests/spring-boot-smoke-tests/spring-boot-smoke-test-jetty-jsp/src/main/java/smoketest/jetty/jsp/WelcomeController.java,39,constant,static_container,Open,Limited,CallerBounded,Unbounded,ProcessLifetime,Unexploitable,Unexploitable,"Map<String,Object>.put"
spring,smoketest.jsp.WelcomeController.welcome,spring-boot-tests/spring-boot-smoke-tests/spring-boot-smoke-test-web-jsp/src/main/java/smoketest/jsp/WelcomeController.java,34,container_put,spring-boot-tests/spring-boot-smoke-tests/spring-boot-smoke-test-web-jsp/src/main/java/smoketest/jsp/WelcomeController.java,35,constant,static_container,Open,Limited,CallerBounded,Unbounded,ProcessLifetime,Unexploitable,Unexploitable,"Map<String,Object>.put"
spring,smoketest.jsp.WelcomeController.welcome,spring-boot-tests/spring-boot-smoke-tests/spring-boot-smoke-test-web-jsp/src/main/java/smoketest/jsp/WelcomeController.java,34,container_put,spring-boot-tests/spring-boot-smoke-tests/spring-boot-smoke-test-web-jsp/src/main/java/smoketest/jsp/WelcomeController.java,36,constant,static_container,Open,Limited,CallerBounded,Unbounded,ProcessLifetime,Unexploitable,Unexploitable,"Map<String,Object>.put"
spring,smoketest.mustache.WelcomeController.welcome,spring-boot-tests/spring-boot-smoke-tests/spring-boot-smoke-test-web-mustache/src/main/java/smoketest/mustache/WelcomeController.java,36,container_put,spring-boot-tests/spring-boot-smoke-tests/spring-boot-smoke-test-web-mustache/src/main/java/smoketest/mustache/WelcomeController.java,37,constant,static_container,Open,Limited,CallerBounded,Unbounded,ProcessLifetime,Unexploitable,Unexploitable,"Map<String,Object>.put"
spring,smoketest.mustache.WelcomeController.welcome,spring-boot-tests/spring-boot-smoke-tests/spring-boot-smoke-test-web-mustache/src/main/java/smoketest/mustache/WelcomeController.java,36,container_put,spring-boot-tests/spring-boot-smoke-tests/spring-boot-smoke-test-web-mustache/src/main/java/smoketest/mustache/WelcomeController.java,38,constant,static_container,Open,Limited,CallerBounded,Unbounded,ProcessLifetime,Unexploitable,Unexploitable,"Map<String,Object>.put"
spring,smoketest.tomcat.jsp.WelcomeController.welcome,spring-boot-tests/spring-boot-smoke-tests/spring-boot-smoke-test-tomcat-jsp/src/main/java/smoketest/tomcat/jsp/WelcomeController.java,38,container_put,spring-boot-tests/spring-boot-smoke-tests/spring-boot-smoke-test-tomcat-jsp/src/main/java/smoketest/tomcat/jsp/WelcomeController.java,39,constant,static_container,Open,Limited,CallerBounded,Unbounded,ProcessLifetime,Unexploitable,Unexploitable,"Map<String,Object>.put"
spring,smoketest.tomcat.jsp.WelcomeController.welcome,spring-boot-tests/spring-boot-smoke-tests/spring-boot-smoke-test-tomcat-jsp/src/main/java/smoketest/tomcat/jsp/WelcomeController.java,38,container_put,spring-boot-tests/spring-boot-smoke-tests/spring-boot-smoke-test-tomcat-jsp/src/main/java/smoketest/tomcat/jsp/WelcomeController.java,40,constant,static_container,Open,Limited,CallerBounded,Unbounded,ProcessLifetime,Unexploitable,Unexploitable,"Map<String,Object>.put"
undertow,io.undertow.server.handlers.LearningPushHandler.handleRequest,core/src/main/java/io/undertow/server/handlers/LearningPushHandler.java,67,container_put,core/src/main/java/io/undertow/server/handlers/LearningPushHandler.java,119,request_derived,static_container,Open,Unlimited,Amplifiable,Unbounded,ProcessLifetime,Unconstrained,Unconstrained,"Map<String,Object>.put"
undertow,io.undertow.server.handlers.LearningPushHandler.handleRequest,core/src/main/java/io/undertow/server/handlers/LearningPushHandler.java,67,container_put,core/src/main/java/io/undertow/server/handlers/LearningPushHandler.java,121,request_derived,static_container,Open,Unlimited,Amplifiable,Unbounded,ProcessLifetime,Unconstrained,Unconstrained,"Map<String,Object>.put"
undertow,io.undertow.server.handlers.ProxyPeerAddressHandler.handleRequest,core/src/main/java/io/undertow/server/handlers/ProxyPeerAddressHandler.java,68,container_put,core/src/main/java/io/undertow/server/handlers/ProxyPeerAddressHandler.java,124,unknown,static_container,Open,Unlimited,Amplifiable,Unbounded,ProcessLifetime,Unconstrained,Unconstrained,HeaderMap.put
undertow,io.undertow.server.handlers.URLDecodingHandler.handleRequest,core/src/main/java/io/undertow/server/handlers/URLDecodingHandler.java,61,container_put,core/src/main/java/io/undertow/server/handlers/URLDecodingHandler.java,93,unknown,static_container,Open,Unlimited,Amplifiable,PerElementUnbounded,ProcessLifetime,Unconstrained,Unconstrained,"TreeMap<String,Deque<String>>.put"
undertow,io.undertow.server.handlers.URLDecodingHandler.handleRequest,core/src/main/java/io/undertow/server/handlers/URLDecodingHandler.java,61,container_add,core/src/main/java/io/undertow/server/handlers/URLDecodingHandler.java,91,unknown,static_container,Open,Unlimited,Amplifiable,PerElementUnbounded,ProcessLifetime,Unconstrained,Unconstrained,Deque<String>.add
undertow,io.undertow.server.handlers.SetHeaderHandler.handleRequest,core/src/main/java/io/undertow/server/handlers/SetHeaderHandler.java,88,container_put,core/src/main/java/io/undertow/server/handlers/SetHeaderHandler.java,89,unknown,static_container,Open,Unlimited,Amplifiable,Unbounded,ProcessLifetime,Unconstrained,Unconstrained,HeaderMap.put
undertow,io.undertow.server.handlers.DateHandler.handleRequest,core/src/main/java/io/undertow/server/handlers/DateHandler.java,53,container_put,core/src/main/java/io/undertow/server/handlers/DateHandler.java,57,unknown,static_container,Open,Unlimited,Amplifiable,Unbounded,ProcessLifetime,Unconstrained,Unconstrained,HeaderMap.put
undertow,io.undertow.server.handlers.DateHandler.handleRequest,core/src/main/java/io/undertow/server/handlers/DateHandler.java,53,container_put,core/src/main/java/io/undertow/server/handlers/DateHandler.java,63,unknown,static_container,Open,Unlimited,Amplifiable,Unbounded,ProcessLifetime,Unconstrained,Unconstrained,HeaderMap.put
undertow,io.undertow.server.handlers.HttpTraceHandler.handleRequest,core/src/main/java/io/undertow/server/handlers/HttpTraceHandler.java,47,container_put,core/src/main/java/io/undertow/server/handlers/HttpTraceHandler.java,49,unknown,static_container,Open,Unlimited,Amplifiable,Unbounded,ProcessLifetime,Unconstrained,Unconstrained,HeaderMap.put
undertow,io.undertow.server.handlers.RedirectHandler.handleRequest,core/src/main/java/io/undertow/server/handlers/RedirectHandler.java,62,container_put,core/src/main/java/io/undertow/server/handlers/RedirectHandler.java,64,unknown,static_container,Open,Unlimited,Amplifiable,Unbounded,ProcessLifetime,Unconstrained,Unconstrained,HeaderMap.put
undertow,io.undertow.server.handlers.resource.ResourceHandler.handleRequest,core/src/main/java/io/undertow/server/handlers/resource/ResourceHandler.java,148,container_put,core/src/main/java/io/undertow/server/handlers/resource/ResourceHandler.java,183,unknown,static_container,Open,Unlimited,Amplifiable,Unbounded,ProcessLifetime,Unconstrained,Unconstrained,HeaderMap.put
undertow,io.undertow.server.handlers.resource.ResourceHandler.handleRequest,core/src/main/java/io/undertow/server/handlers/resource/ResourceHandler.java,148,container_put,core/src/main/java/io/undertow/server/handlers/resource/ResourceHandler.java,186,unknown,static_container,Open,Unlimited,Amplifiable,Unbounded,ProcessLifetime,Unconstrained,Unconstrained,HeaderMap.put
undertow,io.undertow.server.handlers.resource.ResourceHandler.handleRequest,core/src/main/java/io/undertow/server/handlers/resource/ResourceHandler.java,148,container_add,core/src/main/java/io/undertow/server/handlers/resource/ResourceHandler.java,157,unknown,static_container,Open,Unlimited,Amplifiable,Unbounded,ProcessLifetime,Unconstrained,Unconstrained,HeaderMap.add
undertow,io.undertow.server.handlers.sse.ServerSentEventHandler.handleRequest,core/src/main/java/io/undertow/server/handlers/sse/ServerSentEventHandler.java,59,container_put,core/src/main/java/io/undertow/server/handlers/sse/ServerSentEventHandler.java,60,unknown,static_container,Open,Unlimited,Amplifiable,Unbounded,ProcessLifetime,Unconstrained,Unconstrained,HeaderMap.put
undertow,io.undertow.server.handlers.sse.ServerSentEventHandler.handleRequest,core/src/main/java/io/undertow/server/handlers/sse/ServerSentEventHandler.java,59,container_put,core/src/main/java/io/undertow/server/handlers/sse/ServerSentEventHandler.java,64,unknown,static_container,Open,Unlimited,Amplifiable,Unbounded,ProcessLifetime,Unconstrained,Unconstrained,Setter<? extends StreamSinkChannel>.set
undertow,io.undertow.server.handlers.PathHandler.handleRequest,core/src/main/java/io/undertow/server/handlers/PathHandler.java,79,container_add,core/src/main/java/io/undertow/server/handlers/PathHandler.java,94,request_derived,session_store,Open,Unlimited,Amplifiable,Unbounded,ProcessLifetime,Unconstrained,Unconstrained,"LRUCache<String,PathMatch<HttpHandler>>.add"
undertow,io.undertow.security.handlers.AbstractConfidentialityHandler.handleRequest,core/src/main/java/io/undertow/security/handlers/AbstractConfidentialityHandler.java,44,container_put,core/src/main/java/io/undertow/security/handlers/AbstractConfidentialityHandler.java,52,unknown,static_container,Open,Unlimited,Amplifiable,Unbounded,ProcessLifetime,Unconstrained,Unconstrained,HeaderMap.put
undertow,io.undertow.server.handlers.ActiveRequestTrackerHandler.handleRequest,core/src/main/java/io/undertow/server/handlers/ActiveRequestTrackerHandler.java,61,container_add,core/src/main/java/io/undertow/server/handlers/ActiveRequestTrackerHandler.java,65,unknown,static_container,Open,Unlimited,Amplifiable,Unbounded,ProcessLifetime,Unconstrained,Unconstrained,FastConcurrentDirectDeque<RequestStatistics>.add
undertow,io.undertow.server.handlers.DisableCacheHandler.handleRequest,core/src/main/java/io/undertow/server/handlers/DisableCacheHandler.java,29,container_add,core/src/main/java/io/undertow/server/handlers/DisableCacheHandler.java,30,unknown,static_container,Open,Unlimited,Amplifiable,Unbounded,ProcessLifetime,Unconstrained,Unconstrained,HeaderMap.add
undertow,io.undertow.server.handlers.DisableCacheHandler.handleRequest,core/src/main/java/io/undertow/server/handlers/DisableCacheHandler.java,29,container_add,core/src/main/java/io/undertow/server/handlers/DisableCacheHandler.java,31,unknown,static_container,Open,Unlimited,Amplifiable,Unbounded,ProcessLifetime,Unconstrained,Unconstrained,HeaderMap.add
undertow,io.undertow.server.handlers.DisableCacheHandler.handleRequest,core/src/main/java/io/undertow/server/handlers/DisableCacheHandler.java,29,container_add,core/src/main/java/io/undertow/server/handlers/DisableCacheHandler.java,32,unknown,static_container,Open,Unlimited,Amplifiable,Unbounded,ProcessLifetime,Unconstrained,Unconstrained,HeaderMap.add
undertow,io.undertow.server.handlers.ForwardedHandler.handleRequest,core/src/main/java/io/undertow/server/handlers/ForwardedHandler.java,49,container_put,core/src/main/java/io/undertow/server/handlers/ForwardedHandler.java,62,unknown,static_container,Open,Unlimited,Amplifiable,Unbounded,ProcessLifetime,Unconstrained,Unconstrained,HeaderMap.put
undertow,io.undertow.server.handlers.RequestBufferingHandler.handleRequest,core/src/main/java/io/undertow/server/handlers/RequestBufferingHandler.java,55,container_put,core/src/main/java/io/undertow/server/handlers/RequestBufferingHandler.java,78,unknown,static_container,Open,Unlimited,Amplifiable,Bounded,ProcessLifetime,Context-Constrained,Context-Constrained,Setter<? extends StreamSourceChannel>.set
undertow,io.undertow.server.handlers.StuckThreadDetectionHandler.handleRequest,core/src/main/java/io/undertow/server/handlers/StuckThreadDetectionHandler.java,150,container_put,core/src/main/java/io/undertow/server/handlers/StuckThreadDetectionHandler.java,158,unknown,static_container,Open,Unlimited,Amplifiable,Unbounded,ProcessLifetime,Unconstrained,Unconstrained,"ConcurrentHashMap<Long,MonitoredThread>.put"
undertow,io.undertow.server.handlers.StuckThreadDetectionHandler.handleRequest,core/src/main/java/io/undertow/server/handlers/StuckThreadDetectionHandler.java,150,container_add,core/src/main/java/io/undertow/server/handlers/StuckThreadDetectionHandler.java,172,unknown,static_container,Open,Unlimited,Amplifiable,Unbounded,ProcessLifetime,Unconstrained,Unconstrained,Queue<CompletedStuckThread>.add
undertow,io.undertow.server.handlers.encoding.EncodingHandler.handleRequest,core/src/main/java/io/undertow/server/handlers/encoding/EncodingHandler.java,63,container_add,core/src/main/java/io/undertow/server/handlers/encoding/ContentEncodingRepository.java,77,unknown,persistent_store,Open,Unlimited,Amplifiable,PerElementUnbounded,RebootPersistent,Unconstrained,Irrecoverable,List<EncodingMapping>.add
undertow,io.undertow.server.handlers.encoding.EncodingHandler.handleRequest,core/src/main/java/io/undertow/server/handlers/encoding/EncodingHandler.java,63,container_add,core/src/main/java/io/undertow/server/handlers/encoding/ContentEncodingRepository.java,90,unknown,persistent_store,Open,Unlimited,Amplifiable,PerElementUnbounded,RebootPersistent,Unconstrained,Irrecoverable,List<EncodingMapping>.addAll
undertow,io.undertow.server.handlers.proxy.mod_cluster.MCMPHandler.handleRequest,core/src/main/java/io/undertow/server/handlers/proxy/mod_cluster/MCMPHandler.java,138,container_add,core/src/main/java/io/undertow/server/handlers/proxy/mod_cluster/MCMPHandler.java,165,unknown,static_container,Open,Unlimited,Amplifiable,Unbounded,ProcessLifetime,Unconstrained,Unconstrained,HeaderMap.add
undertow,<anonymous class>.handleRequest,core/src/main/java/io/undertow/server/handlers/resource/ResourceHandler.java,199,container_put,core/src/main/java/io/undertow/server/handlers/resource/DirectoryUtils.java,189,unknown,static_container,Open,Unlimited,Amplifiable,Bounded,ProcessLifetime,Context-Constrained,Context-Constrained,HeaderMap.put
undertow,<anonymous class>.handleRequest,core/src/main/java/io/undertow/server/handlers/resource/ResourceHandler.java,199,container_put,core/src/main/java/io/undertow/server/handlers/resource/DirectoryUtils.java,198,unknown,static_container,Open,Unlimited,Amplifiable,Bounded,ProcessLifetime,Context-Constrained,Context-Constrained,HeaderMap.put
undertow,<anonymous class>.handleRequest,core/src/main/java/io/undertow/server/handlers/resource/ResourceHandler.java,199,container_put,core/src/main/java/io/undertow/server/handlers/resource/DirectoryUtils.java,199,unknown,static_container,Open,Unlimited,Amplifiable,Bounded,ProcessLifetime,Context-Constrained,Context-Constrained,HeaderMap.put
undertow,<anonymous class>.handleRequest,core/src/main/java/io/undertow/server/handlers/resource/ResourceHandler.java,199,container_put,core/src/main/java/io/undertow/server/handlers/resource/DirectoryUtils.java,200,unknown,static_container,Open,Unlimited,Amplifiable,Bounded,ProcessLifetime,Context-Constrained,Context-Constrained,HeaderMap.put
undertow,<anonymous class>.handleRequest,core/src/main/java/io/undertow/server/handlers/resource/ResourceHandler.java,199,container_put,core/src/main/java/io/undertow/server/handlers/resource/DirectoryUtils.java,201,unknown,static_container,Open,Unlimited,Amplifiable,Bounded,ProcessLifetime,Context-Constrained,Context-Constrained,HeaderMap.put
undertow,<anonymous class>.handleRequest,core/src/main/java/io/undertow/server/handlers/resource/ResourceHandler.java,199,container_put,core/src/main/java/io/undertow/server/handlers/resource/ResourceHandler.java,242,unknown,static_container,Open,Unlimited,Amplifiable,PerElementUnbounded,ProcessLifetime,Unconstrained,Unconstrained,HeaderMap.put
undertow,<anonymous class>.handleRequest,core/src/main/java/io/undertow/server/handlers/resource/ResourceHandler.java,199,container_put,core/src/main/java/io/undertow/server/handlers/resource/ResourceHandler.java,278,unknown,static_container,Open,Unlimited,Amplifiable,PerElementUnbounded,ProcessLifetime,Unconstrained,Unconstrained,HeaderMap.put
undertow,<anonymous class>.handleRequest,core/src/main/java/io/undertow/server/handlers/resource/ResourceHandler.java,199,container_put,core/src/main/java/io/undertow/server/handlers/resource/ResourceHandler.java,287,unknown,static_container,Open,Unlimited,Amplifiable,PerElementUnbounded,ProcessLifetime,Unconstrained,Unconstrained,HeaderMap.put
undertow,<anonymous class>.handleRequest,core/src/main/java/io/undertow/server/handlers/resource/ResourceHandler.java,199,container_put,core/src/main/java/io/undertow/server/handlers/resource/ResourceHandler.java,301,unknown,static_container,Open,Unlimited,Amplifiable,PerElementUnbounded,ProcessLifetime,Unconstrained,Unconstrained,HeaderMap.put
undertow,<anonymous class>.handleRequest,core/src/main/java/io/undertow/server/handlers/resource/ResourceHandler.java,199,container_put,core/src/main/java/io/undertow/server/handlers/resource/ResourceHandler.java,303,unknown,static_container,Open,Unlimited,Amplifiable,PerElementUnbounded,ProcessLifetime,Unconstrained,Unconstrained,HeaderMap.put
undertow,<anonymous class>.handleRequest,core/src/main/java/io/undertow/server/handlers/resource/ResourceHandler.java,199,container_put,core/src/main/java/io/undertow/server/handlers/resource/ResourceHandler.java,307,unknown,static_container,Open,Unlimited,Amplifiable,PerElementUnbounded,ProcessLifetime,Unconstrained,Unconstrained,HeaderMap.put
undertow,<anonymous class>.handleRequest,core/src/main/java/io/undertow/server/handlers/resource/ResourceHandler.java,199,container_put,core/src/main/java/io/undertow/server/handlers/resource/ResourceHandler.java,310,unknown,static_container,Open,Unlimited,Amplifiable,PerElementUnbounded,ProcessLifetime,Unconstrained,Unconstrained,HeaderMap.put
undertow,<anonymous class>.handleRequest,core/src/main/java/io/undertow/server/handlers/resource/ResourceHandler.java,199,container_put,core/src/main/java/io/undertow/server/handlers/resource/ResourceHandler.java,317,unknown,static_container,Open,Unlimited,Amplifiable,PerElementUnbounded,ProcessLifetime,Unconstrained,Unconstrained,HeaderMap.put
undertow,<anonymous class>.handleRequest,core/src/main/java/io/undertow/server/handlers/resource/ResourceHandler.java,199,container_put,core/src/main/java/io/undertow/server/handlers/resource/ResourceHandler.java,318,unknown,static_container,Open,Unlimited,Amplifiable,PerElementUnbounded,ProcessLifetime,Unconstrained,Unconstrained,HeaderMap.put
